group-category,Competitive Restriction Exception-Answer,Non-Compete-Answer,Exclusivity-Answer,No-Solicit Of Customers-Answer,No-Solicit Of Employees-Answer,Non-Disparagement-Answer,Termination For Convenience-Answer,Rofr/Rofo/Rofn-Answer,Change Of Control-Answer,Anti-Assignment-Answer,Revenue/Profit Sharing-Answer,Price Restrictions-Answer,Minimum Commitment-Answer,Volume Restriction-Answer,Ip Ownership Assignment-Answer,Joint Ip Ownership-Answer,License Grant-Answer,Non-Transferable License-Answer,Affiliate License-Licensor-Answer,Affiliate License-Licensee-Answer,Unlimited/All-You-Can-Eat-License-Answer,Irrevocable Or Perpetual License-Answer,Source Code Escrow-Answer,Post-Termination Services-Answer,Audit Rights-Answer,Uncapped Liability-Answer,Cap On Liability-Answer,Liquidated Damages-Answer,Warranty Duration-Answer,Insurance-Answer,Covenant Not To Sue-Answer,Third Party Beneficiary-Answer,contract_duration
Sales & Distribution,No,No,No,No,No,Yes,No,No,No,Yes,No,No,Yes,No,No,No,Yes,No,No,No,No,No,No,No,Yes,No,Yes,No,Yes,No,No,No,237
IP & Creative,No,No,No,No,No,No,Yes,No,No,Yes,Yes,No,Yes,No,No,No,Yes,No,No,No,Yes,No,No,No,Yes,Yes,Yes,No,No,No,No,No,1450
IP & Creative,No,No,Yes,No,No,No,No,No,No,No,Yes,No,No,No,No,No,Yes,`1````,No,Yes,Yes,No,No,No,Yes,No,No,No,No,No,No,No,perpetual
IP & Creative,No,No,Yes,No,No,No,No,No,Yes,Yes,Yes,No,No,No,No,No,Yes,Yes,No,No,No,No,No,No,Yes,Yes,Yes,No,No,No,No,No,1826
IP & Creative,No,No,No,No,No,No,No,Yes,No,Yes,Yes,No,No,No,No,No,Yes,No,No,No,No,Yes,No,No,Yes,Yes,Yes,No,No,No,No,No,7305
Sales & Distribution,No,No,No,No,No,No,No,No,Yes,Yes,No,No,No,No,No,No,Yes,No,No,No,No,No,No,No,No,No,Yes,No,No,No,No,No,1096
Sales & Distribution,Yes,Yes,Yes,No,No,No,No,Yes,Yes,Yes,No,Yes,Yes,No,No,No,Yes,Yes,No,No,No,No,No,No,No,Yes,Yes,No,No,No,Yes,No,730
Sales & Distribution,No,No,Yes,No,No,No,No,No,No,Yes,Yes,No,Yes,Yes,No,Yes,Yes,No,No,No,No,No,No,No,Yes,No,No,No,No,No,Yes,No,1817
Sales & Distribution,Yes,Yes,Yes,No,No,No,No,Yes,Yes,Yes,Yes,No,Yes,Yes,Yes,No,Yes,No,No,No,No,No,No,Yes,Yes,No,Yes,No,No,Yes,Yes,No,1092
Sales & Distribution,Yes,Yes,No,No,No,No,No,No,Yes,Yes,Yes,No,No,No,Yes,Yes,Yes,Yes,Yes,Yes,No,No,No,Yes,Yes,Yes,Yes,No,No,No,No,No,1826
Strategic & Development,Yes,No,Yes,No,No,No,No,Yes,Yes,Yes,No,No,No,No,Yes,Yes,Yes,No,No,Yes,No,No,No,No,No,Yes,Yes,No,No,No,No,No,perpetual
Strategic & Development,No,Yes,Yes,No,No,No,Yes,No,Yes,Yes,Yes,No,Yes,Yes,No,No,Yes,No,No,No,No,No,No,Yes,Yes,No,Yes,No,No,Yes,No,No,perpetual
Strategic & Development,Yes,Yes,No,No,No,No,Yes,Yes,Yes,Yes,No,No,No,No,Yes,No,Yes,Yes,No,Yes,No,Yes,No,Yes,Yes,Yes,Yes,No,No,No,No,No,726
Strategic & Development,No,No,Yes,No,No,No,No,No,No,Yes,No,No,No,No,Yes,No,No,No,No,No,No,No,No,No,No,Yes,Yes,No,No,No,Yes,No,perpetual
Sales & Distribution,No,Yes,No,No,No,No,No,No,No,Yes,No,No,No,No,No,No,Yes,No,No,No,No,No,No,Yes,Yes,No,No,No,No,Yes,Yes,No,365
Sales & Distribution,No,No,Yes,Yes,No,No,No,No,No,Yes,No,Yes,No,Yes,Yes,No,No,No,No,No,No,No,No,Yes,No,No,Yes,No,Yes,No,Yes,No,1096
Sales & Distribution,No,Yes,No,No,No,No,Yes,No,No,Yes,No,No,Yes,No,No,No,Yes,No,No,No,No,No,No,No,Yes,No,Yes,No,Yes,No,Yes,No,731
Sales & Distribution,No,Yes,Yes,No,No,Yes,No,No,No,Yes,No,No,Yes,No,Yes,No,Yes,Yes,No,No,No,No,No,No,Yes,No,Yes,No,No,No,No,No,perpetual
Sales & Distribution,Yes,No,Yes,No,No,No,No,Yes,Yes,Yes,Yes,No,Yes,No,No,No,Yes,Yes,No,No,No,No,No,No,Yes,No,Yes,No,No,No,No,No,1827
IP & Creative,No,No,No,No,No,No,No,No,No,No,Yes,No,No,No,No,No,No,No,No,No,No,No,No,No,No,No,No,No,No,No,No,No,perpetual
IP & Creative,No,Yes,No,No,No,No,No,No,No,Yes,Yes,No,No,Yes,No,No,Yes,Yes,No,No,No,No,No,No,No,No,No,No,No,No,No,No,365
Strategic & Development,No,Yes,Yes,No,No,No,No,Yes,No,Yes,Yes,No,No,Yes,No,Yes,Yes,Yes,No,No,Yes,No,No,Yes,No,No,No,No,No,No,No,No,1461
Sales & Distribution,No,No,No,No,No,No,No,No,No,No,Yes,No,No,No,No,No,No,No,No,No,No,No,No,No,No,No,No,No,No,No,No,No,7350
Sales & Distribution,Yes,No,Yes,No,No,Yes,No,No,No,Yes,Yes,No,Yes,No,Yes,No,Yes,No,No,No,No,No,No,No,Yes,No,No,No,No,Yes,Yes,No,perpetual
Strategic & Development,No,No,No,No,No,No,Yes,No,No,No,No,No,No,No,No,No,Yes,No,No,No,No,No,No,No,No,No,No,No,No,No,No,No,112
Operations & Services,No,No,No,No,Yes,No,Yes,No,No,Yes,No,No,No,No,No,No,Yes,No,No,No,No,No,No,No,No,Yes,Yes,Yes,No,No,No,No,perpetual
Operations & Services,No,No,No,No,Yes,No,Yes,No,No,Yes,No,Yes,No,No,Yes,No,Yes,Yes,No,No,No,No,No,No,No,No,Yes,Yes,No,No,No,No,365
Operations & Services,No,No,No,No,No,No,Yes,No,No,Yes,No,No,No,Yes,No,No,Yes,Yes,No,Yes,No,Yes,No,No,No,Yes,Yes,No,No,Yes,No,No,1096
IP & Creative,No,No,No,No,No,No,Yes,No,Yes,Yes,No,No,No,No,Yes,No,Yes,Yes,No,Yes,No,Yes,No,No,No,No,Yes,No,No,No,Yes,No,perpetual
IP & Creative,No,No,No,No,No,No,Yes,No,Yes,Yes,No,No,No,No,Yes,No,Yes,Yes,Yes,Yes,No,Yes,No,No,No,No,Yes,No,No,Yes,Yes,No,perpetual
IP & Creative,No,No,Yes,No,No,No,No,Yes,No,Yes,No,No,No,No,Yes,No,Yes,Yes,No,Yes,No,Yes,No,No,No,No,No,No,No,No,No,No,perpetual
IP & Creative,No,No,Yes,No,No,No,Yes,Yes,No,Yes,Yes,No,No,No,Yes,Yes,Yes,No,No,No,No,No,No,Yes,Yes,No,Yes,No,No,Yes,No,No,perpetual
IP & Creative,No,No,Yes,No,No,No,No,Yes,Yes,Yes,No,Yes,Yes,No,Yes,No,Yes,Yes,No,Yes,No,No,No,Yes,No,No,No,No,No,No,Yes,No,
IP & Creative,No,Yes,Yes,No,No,No,Yes,No,Yes,Yes,Yes,No,Yes,No,Yes,No,Yes,Yes,No,No,No,Yes,No,Yes,Yes,Yes,Yes,No,No,Yes,Yes,No,perpetual
IP & Creative,No,No,No,No,No,No,Yes,Yes,Yes,Yes,Yes,No,Yes,No,No,No,Yes,Yes,No,No,No,No,No,No,Yes,No,Yes,Yes,No,Yes,No,No,perpetual
Operations & Services,No,No,No,No,No,No,No,No,Yes,Yes,No,No,No,No,Yes,No,Yes,Yes,No,Yes,No,Yes,No,Yes,Yes,Yes,Yes,No,Yes,Yes,No,Yes,perpetual
Operations & Services,No,No,No,No,No,No,No,No,No,Yes,No,No,Yes,No,No,No,Yes,No,No,No,No,No,No,Yes,Yes,Yes,Yes,No,Yes,Yes,No,No,perpetual
Operations & Services,No,No,No,No,No,No,No,No,No,No,No,No,No,No,No,No,No,No,No,No,No,No,No,No,No,No,No,No,No,No,No,No,1826
Operations & Services,No,Yes,No,No,Yes,No,Yes,No,No,Yes,No,No,Yes,No,No,No,No,No,No,No,No,No,No,Yes,Yes,No,Yes,No,Yes,Yes,No,No,
IP & Creative,No,No,No,No,No,No,No,No,No,No,No,No,No,No,No,No,No,No,No,No,No,No,No,No,Yes,No,No,No,Yes,No,No,No,perpetual
Operations & Services,No,No,Yes,No,No,No,No,No,Yes,Yes,No,Yes,Yes,Yes,No,Yes,Yes,No,No,No,No,No,No,Yes,Yes,Yes,Yes,No,Yes,Yes,No,No,perpetual
Operations & Services,Yes,No,Yes,No,Yes,No,No,No,No,Yes,No,Yes,Yes,Yes,Yes,No,Yes,No,Yes,No,No,No,No,Yes,Yes,Yes,Yes,No,Yes,Yes,No,No,perpetual
Sales & Distribution,No,No,No,No,No,No,Yes,No,No,Yes,No,No,No,No,No,No,No,No,No,No,No,No,No,No,No,No,Yes,No,No,No,No,No,perpetual
Sales & Distribution,No,No,No,No,No,No,No,No,No,Yes,No,No,No,No,No,No,Yes,No,No,No,No,No,No,No,No,No,No,No,No,No,No,No,1132
Sales & Distribution,Yes,No,Yes,No,No,No,No,Yes,No,Yes,No,No,Yes,Yes,No,No,Yes,Yes,No,Yes,No,No,No,Yes,Yes,Yes,Yes,No,Yes,Yes,No,No,1826
Sales & Distribution,No,No,Yes,No,No,No,No,No,Yes,Yes,Yes,No,No,No,No,No,No,No,No,No,No,No,No,Yes,Yes,No,No,No,No,No,No,No,3398
Sales & Distribution,No,Yes,Yes,No,No,No,No,Yes,Yes,Yes,Yes,No,No,Yes,Yes,No,Yes,Yes,No,No,No,No,No,Yes,Yes,No,Yes,No,No,Yes,Yes,No,261
Operations & Services,No,No,No,No,No,No,Yes,No,No,No,No,No,No,No,No,No,No,No,No,No,No,No,No,No,No,No,Yes,No,No,No,No,No,perpetual
Strategic & Development,No,No,No,No,No,No,No,No,No,No,No,No,No,No,No,No,No,No,No,No,No,No,No,No,No,No,No,No,No,No,No,No,perpetual
Operations & Services,No,No,No,No,No,No,Yes,No,Yes,Yes,No,Yes,Yes,No,Yes,No,Yes,Yes,No,No,No,No,No,Yes,Yes,Yes,Yes,No,Yes,Yes,No,No,perpetual
Operations & Services,No,No,No,No,No,No,No,No,No,No,No,No,No,No,No,No,No,No,No,No,No,No,No,No,No,Yes,Yes,No,Yes,No,No,No,perpetual
Sales & Distribution,No,No,Yes,No,No,No,Yes,Yes,Yes,Yes,Yes,No,Yes,No,No,No,Yes,Yes,Yes,Yes,No,No,No,Yes,Yes,Yes,Yes,No,No,Yes,No,No,1228
Sales & Distribution,Yes,Yes,Yes,No,Yes,No,Yes,No,Yes,Yes,Yes,No,Yes,No,Yes,No,Yes,Yes,No,Yes,No,No,No,No,Yes,Yes,Yes,Yes,No,Yes,Yes,No,1461
Sales & Distribution,No,No,No,No,No,No,No,No,No,No,Yes,No,No,No,No,No,No,No,No,No,No,No,No,No,No,No,No,No,No,No,No,No,366
Sales & Distribution,Yes,Yes,Yes,No,No,No,Yes,Yes,No,Yes,Yes,No,No,No,No,No,Yes,Yes,No,Yes,No,No,No,Yes,Yes,Yes,Yes,No,No,Yes,No,No,1827
Operations & Services,No,No,Yes,No,No,No,Yes,No,No,No,Yes,No,No,No,No,No,Yes,No,No,No,No,No,No,Yes,No,No,Yes,No,No,No,No,No,perpetual
Operations & Services,No,No,No,No,No,No,Yes,No,No,Yes,No,No,Yes,No,No,No,Yes,Yes,No,No,No,No,No,Yes,No,No,Yes,No,No,No,No,No,366
IP & Creative,Yes,Yes,Yes,No,No,No,Yes,No,Yes,Yes,No,No,Yes,No,No,No,Yes,Yes,No,No,No,Yes,Yes,Yes,Yes,Yes,Yes,Yes,No,Yes,No,Yes,perpetual
Operations & Services,No,No,No,No,No,No,No,No,No,No,No,No,No,No,No,No,No,No,No,No,No,No,No,No,No,No,No,No,No,No,No,No,perpetual
Operations & Services,No,No,Yes,No,No,No,No,No,No,Yes,No,No,Yes,Yes,No,No,Yes,Yes,No,No,Yes,No,No,No,No,Yes,Yes,No,No,No,No,Yes,365
IP & Creative,Yes,No,Yes,No,No,Yes,No,No,No,Yes,No,No,Yes,No,No,No,Yes,Yes,No,Yes,No,No,No,No,Yes,No,No,No,No,Yes,Yes,No,3665
Operations & Services,No,No,No,No,No,No,No,No,No,Yes,Yes,No,No,No,No,No,No,No,No,No,No,No,No,No,Yes,No,No,No,No,No,No,No,731
Operations & Services,No,No,No,No,No,No,Yes,No,No,Yes,No,No,No,No,No,No,Yes,No,Yes,Yes,No,No,No,No,Yes,No,Yes,No,No,Yes,No,No,perpetual
Operations & Services,No,No,No,No,No,No,No,No,Yes,Yes,No,No,No,No,No,No,No,Yes,No,No,No,No,No,Yes,Yes,No,Yes,No,No,No,No,Yes,perpetual
IP & Creative,No,No,No,No,No,No,No,No,No,No,No,No,No,No,No,No,Yes,No,No,No,No,No,No,No,No,No,No,No,No,No,No,No,1919
IP & Creative,No,No,Yes,No,No,Yes,Yes,No,No,Yes,No,No,No,No,No,No,Yes,Yes,No,No,No,No,No,No,No,Yes,Yes,No,No,No,Yes,No,1825
IP & Creative,No,No,No,No,No,No,No,No,No,Yes,No,No,No,No,No,No,No,No,No,No,No,No,No,No,No,No,No,No,No,Yes,No,No,29
Operations & Services,Yes,Yes,Yes,No,No,No,No,Yes,Yes,Yes,No,No,Yes,No,Yes,No,No,No,No,No,No,Yes,No,No,No,No,No,No,Yes,Yes,No,No,3652
IP & Creative,No,No,No,No,No,No,No,No,Yes,Yes,No,No,No,Yes,No,No,Yes,Yes,No,No,No,No,No,No,No,No,No,No,No,Yes,Yes,No,723
Operations & Services,No,No,No,No,No,No,No,No,No,No,No,No,No,No,No,No,No,No,No,No,No,No,No,No,No,No,No,No,Yes,Yes,No,No,perpetual
Operations & Services,No,No,No,No,No,No,No,No,Yes,Yes,No,No,No,No,No,No,No,No,No,No,No,No,No,No,No,Yes,Yes,No,No,Yes,No,No,perpetual
Operations & Services,No,No,No,No,No,No,No,No,Yes,Yes,No,No,Yes,Yes,No,No,No,No,No,No,No,No,No,No,Yes,No,Yes,No,No,No,No,No,1451
IP & Creative,No,No,No,No,No,No,Yes,No,Yes,Yes,No,No,No,No,No,No,Yes,Yes,No,No,No,No,No,No,No,No,Yes,No,No,No,Yes,No,perpetual
IP & Creative,No,No,No,No,No,No,No,No,Yes,Yes,No,No,No,No,No,No,Yes,No,Yes,Yes,No,No,No,No,Yes,No,No,No,No,No,Yes,No,perpetual
IP & Creative,No,No,No,No,No,No,Yes,No,Yes,Yes,No,No,No,No,Yes,No,Yes,Yes,No,Yes,No,No,No,No,No,Yes,Yes,No,No,No,Yes,No,perpetual
IP & Creative,No,No,No,No,No,No,Yes,No,No,Yes,No,No,No,No,Yes,No,Yes,Yes,No,No,No,No,No,Yes,No,No,No,No,No,No,Yes,Yes,perpetual
IP & Creative,No,No,No,No,No,No,Yes,No,No,Yes,No,No,No,No,No,No,Yes,Yes,No,No,No,No,No,Yes,No,No,No,No,No,No,No,Yes,perpetual
Operations & Services,No,No,Yes,No,No,No,No,No,No,Yes,No,No,No,Yes,No,No,No,No,No,No,No,No,No,No,Yes,Yes,Yes,No,No,No,Yes,No,5740
Operations & Services,No,No,No,No,No,No,No,No,No,No,No,No,No,Yes,No,No,No,No,No,No,No,No,No,No,No,No,No,No,No,No,No,No,687
Operations & Services,No,No,No,No,No,No,No,No,No,Yes,No,No,Yes,Yes,No,No,No,No,No,No,No,No,No,No,Yes,Yes,Yes,No,No,No,No,No,perpetual
Operations & Services,No,No,No,No,No,No,No,No,No,No,No,No,No,No,No,No,No,No,No,No,No,No,No,No,No,No,No,Yes,No,Yes,No,No,perpetual
Sales & Distribution,No,Yes,Yes,No,No,Yes,No,No,No,Yes,Yes,No,Yes,No,Yes,Yes,Yes,Yes,No,No,No,No,No,Yes,Yes,Yes,Yes,Yes,No,Yes,No,No,1096
Sales & Distribution,No,Yes,No,No,No,No,No,No,Yes,Yes,Yes,No,No,No,No,Yes,Yes,Yes,No,No,No,No,No,Yes,Yes,Yes,Yes,No,No,No,No,No,366
Sales & Distribution,Yes,No,Yes,No,No,No,No,Yes,No,Yes,No,No,No,No,No,No,Yes,Yes,No,No,No,No,No,No,No,No,Yes,No,No,No,No,No,572
Sales & Distribution,Yes,Yes,Yes,No,No,No,No,No,Yes,Yes,Yes,No,Yes,No,No,No,Yes,Yes,No,No,No,No,No,No,Yes,Yes,Yes,No,No,No,Yes,No,794
Sales & Distribution,No,Yes,No,No,No,No,No,No,No,Yes,Yes,No,Yes,No,No,Yes,Yes,Yes,No,No,No,No,No,Yes,Yes,Yes,Yes,No,No,No,Yes,No,457
Sales & Distribution,No,No,Yes,No,No,No,Yes,No,Yes,Yes,No,No,No,Yes,Yes,Yes,Yes,Yes,No,No,No,No,No,No,Yes,No,Yes,No,No,No,Yes,No,perpetual
Sales & Distribution,Yes,Yes,No,Yes,No,No,No,No,Yes,Yes,Yes,No,Yes,Yes,Yes,Yes,Yes,Yes,No,Yes,No,No,No,Yes,Yes,Yes,Yes,No,No,No,No,No,perpetual
Sales & Distribution,No,No,No,No,No,No,Yes,No,Yes,Yes,No,No,No,No,No,No,No,No,No,No,No,No,No,No,No,No,Yes,No,No,No,No,No,365
Sales & Distribution,No,Yes,No,No,No,No,No,No,No,Yes,Yes,No,Yes,Yes,No,Yes,Yes,Yes,No,No,No,No,No,No,Yes,Yes,Yes,No,No,No,Yes,No,457
Sales & Distribution,Yes,Yes,Yes,No,No,No,No,No,No,Yes,Yes,No,No,Yes,Yes,No,Yes,Yes,No,No,No,No,No,Yes,Yes,Yes,Yes,No,No,No,Yes,No,731
Sales & Distribution,Yes,Yes,Yes,No,No,No,No,No,No,Yes,Yes,No,Yes,Yes,Yes,No,Yes,Yes,No,No,No,No,No,Yes,Yes,Yes,Yes,Yes,No,No,Yes,No,
Sales & Distribution,No,Yes,No,No,No,No,Yes,No,Yes,Yes,Yes,No,No,No,No,No,Yes,Yes,No,No,No,No,No,No,Yes,Yes,Yes,No,No,No,No,No,366
Sales & Distribution,Yes,Yes,No,Yes,No,No,No,No,Yes,Yes,Yes,No,No,No,No,Yes,Yes,Yes,No,No,No,No,No,No,Yes,Yes,Yes,No,No,No,No,No,1095
Sales & Distribution,No,No,No,No,No,No,No,No,Yes,Yes,Yes,No,Yes,Yes,No,Yes,Yes,No,No,No,Yes,No,No,No,Yes,Yes,Yes,No,No,No,No,No,perpetual
Sales & Distribution,Yes,No,Yes,No,No,No,No,No,Yes,Yes,Yes,No,No,Yes,Yes,No,Yes,No,No,No,No,No,No,Yes,Yes,No,Yes,No,No,No,No,No,1827
Sales & Distribution,No,No,No,No,No,No,Yes,No,No,No,No,No,No,No,No,No,Yes,Yes,No,No,No,No,No,No,No,No,Yes,No,No,No,No,No,perpetual
Sales & Distribution,Yes,Yes,Yes,Yes,Yes,Yes,No,No,Yes,Yes,Yes,No,Yes,Yes,Yes,Yes,Yes,Yes,No,No,No,No,No,Yes,Yes,Yes,Yes,No,No,Yes,Yes,No,perpetual
Sales & Distribution,No,No,Yes,No,No,No,Yes,Yes,No,Yes,Yes,No,No,No,No,Yes,No,No,No,No,No,No,No,No,Yes,No,Yes,No,No,No,No,No,perpetual
Sales & Distribution,No,No,No,No,No,No,Yes,No,No,No,Yes,No,No,No,No,No,Yes,No,No,No,No,No,No,No,No,No,Yes,No,No,No,No,No,perpetual
Sales & Distribution,No,Yes,No,Yes,No,No,No,No,No,No,No,No,No,No,No,No,No,No,No,No,No,No,No,No,Yes,Yes,Yes,No,No,No,No,No,365
Sales & Distribution,No,No,No,No,No,No,Yes,No,No,No,No,No,No,No,No,No,No,No,No,No,No,No,No,No,Yes,No,No,No,No,No,No,No,perpetual
Sales & Distribution,No,Yes,Yes,No,No,No,Yes,Yes,No,Yes,Yes,No,Yes,Yes,No,No,Yes,Yes,No,Yes,No,No,No,Yes,Yes,No,Yes,No,No,Yes,Yes,No,1851
Sales & Distribution,Yes,Yes,Yes,Yes,No,No,No,Yes,No,Yes,No,No,No,No,No,No,No,No,No,No,No,No,No,Yes,Yes,No,No,Yes,No,No,No,No,perpetual
IP & Creative,No,No,Yes,No,No,No,Yes,No,No,Yes,Yes,No,No,Yes,No,No,Yes,No,No,Yes,Yes,No,No,No,Yes,No,No,No,No,Yes,No,No,352
IP & Creative,Yes,Yes,Yes,No,No,Yes,No,No,Yes,Yes,No,No,No,Yes,No,No,Yes,Yes,No,No,No,No,No,Yes,No,No,No,No,No,No,No,No,1475
IP & Creative,No,No,Yes,No,No,No,No,No,No,Yes,Yes,No,Yes,No,No,No,Yes,Yes,No,No,No,No,No,Yes,No,No,Yes,No,No,Yes,Yes,No,1099
IP & Creative,No,Yes,No,No,No,No,No,No,No,Yes,Yes,No,No,Yes,No,No,Yes,No,No,No,No,No,No,Yes,Yes,No,No,No,No,No,No,No,
IP & Creative,No,Yes,No,No,No,No,No,No,No,Yes,Yes,No,No,No,No,No,Yes,No,No,Yes,Yes,Yes,No,No,No,No,No,No,No,No,Yes,No,perpetual
IP & Creative,No,No,Yes,No,No,Yes,No,No,No,Yes,Yes,No,Yes,Yes,No,No,Yes,No,No,No,No,No,No,Yes,Yes,No,No,No,No,Yes,No,No,679
IP & Creative,No,No,Yes,No,No,No,No,No,No,Yes,No,No,No,Yes,No,No,Yes,Yes,No,No,No,No,No,No,No,No,No,No,No,Yes,No,No,365
IP & Creative,No,No,No,No,No,No,Yes,No,No,No,No,No,No,No,No,No,No,No,No,No,No,No,No,No,No,No,No,No,No,No,No,Yes,perpetual
IP & Creative,No,No,No,No,No,No,No,No,No,Yes,No,No,No,No,No,No,No,No,No,No,No,No,No,No,No,No,No,No,No,No,No,No,perpetual
Strategic & Development,No,No,No,No,No,No,No,No,No,Yes,Yes,No,No,No,No,No,No,No,No,No,No,No,No,No,No,No,No,No,No,No,No,No,perpetual
Strategic & Development,No,Yes,Yes,No,No,No,Yes,Yes,No,Yes,Yes,No,No,Yes,Yes,Yes,Yes,Yes,Yes,Yes,No,Yes,No,Yes,Yes,Yes,Yes,No,No,Yes,No,No,perpetual
Strategic & Development,No,No,No,No,No,No,No,No,No,No,Yes,No,No,No,No,No,No,No,No,No,No,No,No,No,Yes,No,No,No,No,No,No,No,perpetual
Strategic & Development,No,Yes,Yes,No,Yes,No,Yes,No,No,Yes,No,No,No,No,Yes,No,Yes,No,No,No,No,Yes,No,No,No,No,No,No,Yes,No,Yes,No,perpetual
Strategic & Development,No,Yes,Yes,No,Yes,No,Yes,No,Yes,Yes,Yes,No,Yes,No,Yes,Yes,Yes,Yes,No,Yes,No,Yes,No,Yes,Yes,Yes,Yes,No,No,No,Yes,No,perpetual
Strategic & Development,Yes,Yes,Yes,No,No,No,Yes,No,Yes,Yes,No,No,No,No,No,No,Yes,No,No,No,No,No,No,No,No,No,No,No,No,Yes,Yes,No,perpetual
Operations & Services,Yes,Yes,Yes,No,No,No,Yes,No,No,Yes,Yes,No,No,No,No,No,No,No,No,No,No,No,No,No,No,No,No,No,No,No,No,No,851
Strategic & Development,No,Yes,Yes,No,No,No,Yes,Yes,Yes,Yes,Yes,No,No,No,No,Yes,Yes,Yes,Yes,Yes,No,Yes,No,Yes,Yes,Yes,Yes,No,No,Yes,Yes,No,perpetual
Strategic & Development,No,No,No,No,No,No,No,Yes,No,Yes,No,No,No,No,No,Yes,Yes,Yes,No,No,No,No,No,No,No,Yes,Yes,No,No,No,No,No,perpetual
Strategic & Development,No,No,No,No,No,No,Yes,No,Yes,Yes,No,No,No,No,Yes,No,Yes,Yes,No,No,No,No,No,No,No,No,No,No,No,No,Yes,No,365
Strategic & Development,No,Yes,Yes,Yes,No,No,No,No,No,Yes,Yes,No,Yes,Yes,Yes,Yes,Yes,No,No,No,No,No,No,Yes,Yes,Yes,Yes,No,No,Yes,Yes,No,1827
Strategic & Development,No,No,No,No,No,No,Yes,Yes,No,Yes,Yes,No,No,No,Yes,Yes,Yes,Yes,No,No,No,Yes,No,Yes,Yes,No,Yes,No,Yes,Yes,No,No,perpetual
Strategic & Development,No,No,Yes,No,No,No,No,No,Yes,Yes,Yes,No,No,No,No,No,Yes,Yes,No,Yes,No,Yes,No,Yes,Yes,No,Yes,No,No,No,No,No,perpetual
Strategic & Development,Yes,Yes,Yes,No,Yes,No,No,Yes,Yes,Yes,Yes,No,Yes,No,Yes,No,Yes,No,No,No,No,No,No,Yes,Yes,No,Yes,Yes,No,Yes,No,No,perpetual
Strategic & Development,No,Yes,Yes,No,No,No,Yes,Yes,Yes,Yes,Yes,No,No,Yes,Yes,Yes,Yes,Yes,No,Yes,No,Yes,No,Yes,Yes,Yes,Yes,No,No,Yes,No,No,perpetual
Strategic & Development,No,No,Yes,Yes,No,No,Yes,Yes,No,Yes,Yes,No,Yes,No,Yes,Yes,Yes,No,No,No,No,No,No,Yes,Yes,No,No,Yes,Yes,Yes,Yes,No,1826
Strategic & Development,No,No,No,No,No,No,Yes,No,No,No,No,No,No,No,Yes,No,No,No,No,No,No,No,No,No,No,No,No,No,Yes,No,No,No,perpetual
IP & Creative,No,No,Yes,No,No,No,No,No,Yes,Yes,No,No,No,No,No,No,Yes,Yes,No,Yes,No,No,No,Yes,No,No,No,No,No,No,Yes,No,perpetual
IP & Creative,No,Yes,No,No,No,No,No,No,No,Yes,Yes,No,Yes,No,No,No,Yes,Yes,No,No,No,Yes,No,No,Yes,Yes,Yes,No,No,Yes,Yes,No,1096
IP & Creative,No,No,No,No,No,No,No,No,No,Yes,Yes,No,No,No,No,No,Yes,No,No,No,No,No,No,Yes,Yes,No,No,No,No,No,No,No,739
IP & Creative,No,No,No,No,No,No,No,No,No,Yes,Yes,No,No,Yes,No,No,Yes,No,No,No,No,No,No,Yes,No,No,Yes,No,No,No,No,No,365
IP & Creative,No,No,No,No,No,No,No,Yes,No,Yes,Yes,No,No,No,No,No,Yes,No,No,No,No,Yes,No,No,No,Yes,Yes,No,No,No,No,No,perpetual
IP & Creative,No,No,Yes,No,No,No,Yes,No,No,No,Yes,No,No,No,No,No,Yes,No,No,Yes,No,No,No,Yes,Yes,No,Yes,No,No,No,No,No,730
IP & Creative,No,No,Yes,No,No,No,No,No,No,No,Yes,No,Yes,No,Yes,No,Yes,No,No,No,No,No,No,No,No,No,No,No,No,No,Yes,No,perpetual
IP & Creative,No,No,Yes,No,No,No,No,Yes,Yes,Yes,No,No,No,No,Yes,No,Yes,Yes,No,No,No,No,No,No,No,No,No,No,No,No,No,No,1826
IP & Creative,No,Yes,Yes,No,No,No,No,Yes,No,Yes,Yes,No,Yes,No,No,No,Yes,Yes,No,Yes,No,Yes,No,No,Yes,Yes,Yes,No,No,No,No,No,perpetual
IP & Creative,No,No,Yes,No,No,No,No,No,No,No,No,No,No,No,No,No,No,No,No,No,No,No,No,No,No,No,No,Yes,No,No,No,No,
IP & Creative,No,No,Yes,No,No,No,Yes,No,No,No,No,No,No,No,No,No,Yes,No,No,Yes,Yes,No,No,No,No,No,No,No,No,No,No,No,6729
IP & Creative,No,No,No,No,No,No,No,No,No,Yes,No,No,No,No,No,No,Yes,Yes,No,No,No,No,No,Yes,No,No,Yes,No,No,No,No,No,334
Sales & Distribution,No,No,No,No,No,No,No,No,No,No,No,No,No,No,No,No,No,No,No,No,No,No,No,No,No,No,No,No,No,No,No,No,perpetual
Sales & Distribution,No,No,No,No,No,No,No,No,No,No,No,No,No,No,No,No,No,No,No,No,No,No,No,No,No,No,No,No,No,No,No,No,534
Sales & Distribution,No,Yes,No,No,No,No,Yes,No,No,Yes,No,No,No,No,No,No,No,No,No,No,No,No,No,Yes,No,No,No,No,No,No,Yes,No,364
Sales & Distribution,No,No,Yes,No,No,Yes,No,No,No,No,Yes,No,No,No,No,No,Yes,Yes,No,No,No,No,No,Yes,Yes,No,No,No,No,Yes,Yes,No,1826
Sales & Distribution,No,Yes,Yes,No,No,Yes,Yes,No,No,Yes,No,No,Yes,No,No,No,Yes,Yes,No,No,No,No,No,Yes,No,Yes,Yes,No,Yes,Yes,Yes,No,perpetual
Sales & Distribution,No,Yes,Yes,No,No,No,Yes,No,Yes,Yes,Yes,No,No,No,Yes,Yes,Yes,No,Yes,Yes,No,Yes,No,Yes,Yes,Yes,Yes,No,No,Yes,Yes,No,9664
IP & Creative,No,No,No,No,No,Yes,No,No,No,Yes,No,No,Yes,No,Yes,No,Yes,Yes,Yes,Yes,No,Yes,No,No,No,No,No,No,No,No,Yes,No,perpetual
IP & Creative,No,No,Yes,No,No,Yes,No,Yes,Yes,Yes,Yes,No,Yes,Yes,Yes,No,Yes,Yes,No,No,No,No,No,Yes,Yes,No,Yes,Yes,No,No,Yes,No,745
IP & Creative,No,No,Yes,No,No,No,No,No,No,No,Yes,No,Yes,Yes,No,No,Yes,Yes,No,No,No,No,No,No,No,No,No,No,No,No,No,No,perpetual
IP & Creative,No,No,No,No,No,No,No,No,No,No,Yes,No,No,No,No,No,Yes,No,No,No,No,No,No,No,No,No,No,No,No,No,No,No,perpetual
IP & Creative,No,No,No,No,No,No,No,No,No,No,No,No,No,No,No,No,No,No,No,No,No,No,No,No,No,No,No,No,No,No,No,No,-50
IP & Creative,No,No,Yes,No,No,No,No,No,Yes,Yes,No,No,No,No,No,No,Yes,Yes,No,Yes,No,No,No,Yes,No,No,No,No,No,No,Yes,No,perpetual
IP & Creative,Yes,No,Yes,No,No,Yes,No,No,No,Yes,No,No,Yes,Yes,Yes,No,Yes,Yes,No,No,No,Yes,No,Yes,No,No,Yes,No,No,Yes,Yes,No,1096
,No,Yes,No,Yes,Yes,No,No,No,No,No,No,No,No,No,No,No,No,No,No,No,No,No,No,No,No,No,No,No,No,No,No,Yes,perpetual
Sales & Distribution,No,Yes,No,Yes,Yes,No,Yes,Yes,Yes,Yes,Yes,No,Yes,No,Yes,No,Yes,Yes,No,No,No,No,No,Yes,Yes,No,Yes,Yes,No,Yes,Yes,No,perpetual
IP & Creative,No,Yes,Yes,No,No,Yes,No,Yes,No,Yes,Yes,No,Yes,Yes,Yes,Yes,Yes,Yes,No,No,No,Yes,No,Yes,Yes,Yes,Yes,No,No,Yes,No,No,1871
Operations & Services,No,Yes,No,No,No,No,No,No,No,No,No,No,No,No,No,No,No,No,No,No,No,No,No,No,No,No,No,No,No,No,No,Yes,perpetual
Sales & Distribution,No,No,Yes,No,No,No,Yes,No,No,Yes,No,No,Yes,No,No,No,Yes,Yes,No,Yes,No,No,No,Yes,Yes,Yes,Yes,No,Yes,Yes,No,No,731
IP & Creative,No,No,No,No,No,No,Yes,No,No,Yes,No,No,No,No,No,No,Yes,Yes,No,No,No,No,No,No,Yes,No,Yes,No,Yes,No,No,No,perpetual
Strategic & Development,No,No,No,No,No,Yes,Yes,No,No,Yes,No,No,No,No,Yes,No,Yes,No,No,No,No,No,No,Yes,No,No,No,No,No,No,No,No,perpetual
Strategic & Development,No,No,No,No,No,No,No,No,No,No,No,No,No,No,No,No,No,No,No,No,No,No,No,No,No,No,No,No,No,No,No,No,perpetual
Operations & Services,No,No,No,No,No,No,No,No,No,Yes,No,No,Yes,No,No,No,No,No,No,No,No,No,No,Yes,Yes,No,No,No,No,Yes,No,No,2009
Operations & Services,No,No,No,No,No,No,No,No,No,No,No,No,Yes,No,No,No,No,No,No,No,No,No,No,No,No,No,No,No,No,No,No,No,perpetual
Operations & Services,No,No,No,No,No,No,No,No,No,No,No,No,No,No,No,No,No,No,No,No,No,No,No,No,No,No,No,No,No,No,No,No,perpetual
Operations & Services,No,No,No,No,No,No,No,No,No,No,No,No,No,No,No,No,No,No,No,No,No,No,No,No,No,No,No,No,No,No,No,No,1187
Operations & Services,No,No,No,No,No,No,Yes,No,Yes,Yes,Yes,No,No,No,No,No,No,No,No,No,No,No,No,No,No,No,No,No,No,No,No,No,perpetual
Operations & Services,No,Yes,No,No,No,No,Yes,No,No,Yes,No,No,No,Yes,Yes,No,Yes,No,No,No,No,Yes,No,Yes,No,No,No,No,No,No,No,No,perpetual
Operations & Services,No,No,No,No,No,No,No,No,No,No,No,No,No,No,No,No,No,No,No,No,No,No,No,Yes,No,No,No,No,No,No,No,No,365
Operations & Services,No,No,No,Yes,No,No,No,No,No,Yes,No,No,No,No,No,No,No,No,No,No,No,No,No,No,No,No,No,No,No,No,No,No,366
Operations & Services,No,No,No,No,No,No,Yes,No,No,Yes,No,No,No,No,No,No,No,No,No,No,No,No,No,No,No,No,No,No,No,No,No,No,perpetual
Operations & Services,Yes,Yes,No,Yes,Yes,Yes,Yes,No,Yes,Yes,Yes,No,No,No,Yes,No,No,No,No,No,No,No,No,No,No,No,No,Yes,No,Yes,No,No,365
Operations & Services,No,Yes,No,Yes,Yes,No,Yes,No,No,Yes,No,No,No,No,Yes,No,Yes,No,No,No,No,Yes,No,Yes,No,No,Yes,No,No,No,No,No,perpetual
Operations & Services,No,No,No,No,Yes,No,Yes,No,No,No,No,No,No,No,Yes,No,No,No,No,No,No,No,No,No,No,No,No,No,No,No,No,No,213
Operations & Services,No,No,No,No,Yes,No,Yes,No,No,Yes,Yes,No,No,No,Yes,No,Yes,No,No,No,No,Yes,No,No,No,No,No,No,No,No,No,No,1461
Operations & Services,No,No,No,No,Yes,No,Yes,No,Yes,Yes,No,No,No,No,Yes,No,No,No,No,No,No,No,No,Yes,No,No,Yes,Yes,No,No,No,No,1826
Sales & Distribution,Yes,Yes,Yes,Yes,Yes,Yes,Yes,Yes,Yes,Yes,Yes,No,No,No,Yes,No,Yes,No,No,Yes,No,Yes,No,Yes,Yes,No,Yes,No,No,Yes,Yes,No,perpetual
Operations & Services,No,No,Yes,No,Yes,No,Yes,No,No,Yes,No,No,No,No,Yes,No,No,No,No,No,No,No,No,No,No,No,No,No,No,No,No,No,213
Operations & Services,No,No,No,No,No,No,Yes,No,No,No,No,No,No,No,No,No,No,No,No,No,No,No,No,No,No,No,Yes,No,No,No,No,No,178
Operations & Services,No,No,No,No,No,No,No,No,No,Yes,No,No,No,No,No,No,Yes,Yes,No,No,No,No,No,Yes,No,Yes,Yes,No,No,No,No,No,perpetual
Operations & Services,No,No,No,No,No,No,No,No,No,No,No,No,No,No,No,No,No,No,No,No,No,No,No,No,No,No,No,No,No,No,No,No,364
Operations & Services,No,No,No,No,No,No,Yes,No,Yes,Yes,No,No,No,No,Yes,No,No,No,No,No,No,No,No,No,Yes,No,No,No,No,No,No,No,366
Operations & Services,No,No,No,No,No,No,No,No,No,Yes,No,No,No,No,No,No,Yes,No,No,No,No,Yes,No,Yes,No,Yes,Yes,No,No,Yes,No,No,perpetual
Sales & Distribution,Yes,Yes,Yes,Yes,Yes,No,No,Yes,Yes,Yes,Yes,No,Yes,No,Yes,No,Yes,Yes,No,No,No,No,No,Yes,Yes,No,No,Yes,No,Yes,Yes,Yes,perpetual
Sales & Distribution,No,No,Yes,No,No,No,Yes,No,No,Yes,No,No,No,No,No,No,Yes,No,No,No,No,No,No,Yes,Yes,No,No,Yes,No,Yes,No,No,perpetual
Sales & Distribution,No,No,Yes,No,No,No,No,No,No,No,Yes,No,Yes,No,No,No,No,No,No,No,No,No,No,No,No,No,Yes,No,No,No,No,No,perpetual
Operations & Services,No,No,No,No,No,No,No,No,No,No,No,No,No,No,No,No,No,No,No,No,No,No,No,No,No,No,Yes,No,No,No,No,No,perpetual
Operations & Services,No,No,No,No,No,No,No,No,No,Yes,No,No,No,No,No,No,No,No,No,No,No,No,No,No,No,No,Yes,No,No,No,No,No,1070
Operations & Services,No,No,No,No,No,No,No,No,No,No,No,Yes,No,No,No,No,No,No,No,No,No,No,No,No,No,No,No,No,No,No,No,No,
Operations & Services,No,No,No,No,No,No,No,No,No,Yes,No,No,Yes,No,Yes,No,No,No,No,No,No,No,No,No,No,No,Yes,No,No,No,No,No,313
Operations & Services,No,No,No,No,No,No,Yes,No,No,Yes,No,No,No,No,Yes,No,No,No,No,No,No,No,No,No,No,No,No,No,No,No,No,No,457
Operations & Services,No,No,No,No,No,No,Yes,No,No,No,No,No,No,No,No,No,No,No,No,No,No,No,No,No,Yes,No,Yes,No,No,No,No,No,perpetual
Operations & Services,No,No,No,No,No,No,No,No,No,No,No,No,No,No,No,No,No,No,No,No,No,No,No,Yes,Yes,No,No,No,No,No,Yes,Yes,perpetual
Operations & Services,No,No,No,No,No,No,No,No,No,Yes,No,No,No,No,No,No,No,No,No,No,No,No,No,No,No,No,Yes,Yes,No,No,No,No,1096
Operations & Services,No,No,No,No,No,No,Yes,No,No,Yes,No,No,No,No,No,No,No,No,No,No,No,No,No,Yes,Yes,No,No,No,No,No,No,No,perpetual
Operations & Services,No,No,No,No,No,No,Yes,No,No,Yes,No,No,No,No,Yes,No,No,No,No,No,No,No,No,Yes,No,Yes,Yes,No,No,No,No,No,perpetual
Operations & Services,No,No,No,No,Yes,No,Yes,No,No,Yes,No,No,No,No,Yes,No,Yes,No,No,No,No,Yes,No,No,No,Yes,Yes,No,No,Yes,No,No,perpetual
Operations & Services,No,No,No,No,No,No,Yes,No,No,Yes,No,No,No,No,No,No,No,No,No,No,No,No,No,No,Yes,No,Yes,No,No,No,No,No,730
Operations & Services,No,Yes,No,Yes,Yes,No,Yes,No,No,Yes,No,No,No,No,No,No,No,No,No,No,No,No,No,No,No,No,No,No,No,No,No,No,366
Operations & Services,No,No,No,No,No,No,Yes,No,No,Yes,No,No,No,No,No,No,No,No,No,No,No,No,No,No,Yes,No,Yes,No,No,No,No,No,perpetual
Operations & Services,No,No,No,No,No,No,Yes,No,No,Yes,No,No,No,No,No,No,No,No,No,No,No,No,No,No,No,No,No,No,No,No,No,No,perpetual
Operations & Services,Yes,Yes,No,Yes,Yes,No,Yes,No,No,No,No,No,No,No,Yes,No,No,No,No,No,No,No,No,No,No,No,No,No,No,Yes,No,No,perpetual
Operations & Services,Yes,Yes,No,No,Yes,No,Yes,Yes,No,No,No,No,No,No,Yes,No,No,No,No,No,No,No,No,Yes,No,No,No,No,No,No,Yes,No,perpetual
Operations & Services,No,No,No,No,No,No,Yes,No,No,Yes,No,No,No,No,No,No,No,No,No,No,No,No,No,No,No,No,No,No,No,No,No,No,perpetual
Operations & Services,No,No,No,No,No,No,No,No,No,Yes,Yes,No,No,No,No,No,No,No,No,No,No,No,No,No,No,No,No,Yes,No,No,No,No,perpetual
Operations & Services,No,No,No,No,No,No,No,No,No,Yes,No,No,No,No,No,No,No,No,No,No,No,No,No,No,Yes,Yes,Yes,No,No,No,No,No,364
Operations & Services,No,No,No,No,No,No,No,No,No,No,No,No,No,No,No,No,No,No,No,No,No,No,No,No,No,No,No,No,No,No,No,No,perpetual
Operations & Services,No,No,No,No,Yes,Yes,Yes,No,No,No,No,No,No,No,Yes,Yes,No,No,No,No,No,No,No,No,No,No,No,No,No,No,Yes,No,perpetual
IP & Creative,No,No,No,No,No,No,Yes,No,No,No,Yes,No,No,No,No,No,No,No,No,No,No,No,No,No,No,No,Yes,No,No,No,No,No,perpetual
IP & Creative,No,No,No,No,No,No,No,No,No,Yes,No,No,Yes,No,No,No,No,No,No,No,No,No,No,No,No,No,No,No,No,No,No,No,392
IP & Creative,Yes,No,Yes,No,No,No,No,No,Yes,Yes,Yes,No,No,No,No,No,Yes,No,No,No,No,No,No,Yes,Yes,No,Yes,No,No,No,No,Yes,1095
IP & Creative,No,Yes,No,No,No,Yes,Yes,No,No,Yes,No,No,No,No,No,No,No,No,No,No,No,No,No,No,No,No,Yes,No,No,Yes,No,No,364
IP & Creative,No,No,No,No,No,No,Yes,No,Yes,Yes,No,No,Yes,No,No,No,No,No,No,No,No,No,No,No,Yes,No,Yes,No,No,No,Yes,No,1248
IP & Creative,No,No,No,No,No,No,No,No,No,Yes,No,No,No,No,No,No,No,No,No,No,No,No,No,No,No,No,No,No,No,No,No,No,30
IP & Creative,Yes,Yes,No,No,No,No,No,Yes,No,Yes,Yes,No,Yes,No,No,No,Yes,No,No,No,No,No,No,Yes,Yes,Yes,Yes,No,No,No,No,No,perpetual
IP & Creative,Yes,No,Yes,No,No,Yes,No,Yes,No,Yes,No,No,No,No,No,No,Yes,No,No,No,No,No,No,No,No,No,Yes,No,No,Yes,Yes,Yes,3652
IP & Creative,No,No,Yes,No,No,Yes,No,No,No,Yes,No,No,No,No,No,No,Yes,Yes,No,No,No,No,No,No,No,No,Yes,No,No,No,No,No,164
IP & Creative,No,No,No,No,No,No,No,No,No,Yes,No,No,No,No,No,No,Yes,Yes,No,No,No,No,No,No,No,No,Yes,No,No,Yes,No,No,166
IP & Creative,No,No,Yes,No,No,No,No,No,No,Yes,No,No,No,No,No,No,Yes,Yes,No,No,No,No,No,No,No,Yes,Yes,No,No,No,No,No,perpetual
IP & Creative,No,Yes,No,No,No,No,No,No,No,Yes,Yes,No,Yes,No,No,No,Yes,No,No,No,No,No,No,No,Yes,No,Yes,No,No,No,No,No,perpetual
IP & Creative,No,No,Yes,No,No,No,No,Yes,No,Yes,No,No,Yes,No,Yes,No,Yes,No,No,No,No,No,No,No,Yes,No,Yes,No,Yes,No,No,No,748
IP & Creative,No,Yes,Yes,No,No,No,No,No,No,Yes,No,No,No,No,No,No,No,No,No,No,No,No,No,No,No,No,No,No,No,Yes,No,No,279
IP & Creative,No,No,No,No,No,No,No,No,No,Yes,No,No,No,No,No,No,No,No,No,No,No,No,No,No,No,No,Yes,No,No,No,No,No,perpetual
IP & Creative,No,No,No,No,No,No,No,No,No,Yes,No,No,No,No,No,No,No,No,No,No,No,No,No,No,No,No,No,No,No,Yes,Yes,Yes,1461
IP & Creative,Yes,No,Yes,No,No,No,No,Yes,No,Yes,Yes,No,Yes,No,No,Yes,Yes,No,No,Yes,No,No,No,No,Yes,Yes,Yes,No,No,No,No,No,730
IP & Creative,No,No,No,No,No,Yes,No,No,No,No,No,No,No,No,No,No,Yes,Yes,No,No,No,No,No,No,No,No,No,No,No,Yes,No,No,365
IP & Creative,No,No,No,No,No,No,No,No,No,Yes,No,No,No,No,No,No,Yes,No,No,No,No,No,No,No,No,Yes,Yes,No,No,No,No,No,perpetual
Operations & Services,No,No,No,No,No,No,Yes,No,No,Yes,No,No,Yes,No,Yes,No,Yes,No,No,No,No,No,No,Yes,Yes,No,No,No,No,Yes,No,Yes,perpetual
Operations & Services,No,No,No,No,No,No,No,No,No,Yes,No,Yes,Yes,Yes,No,No,Yes,No,No,No,No,No,No,Yes,No,Yes,Yes,Yes,No,Yes,No,No,365
Operations & Services,No,No,No,No,No,No,Yes,No,No,Yes,Yes,No,No,No,No,No,Yes,Yes,Yes,No,No,No,No,Yes,Yes,No,No,Yes,No,Yes,No,No,181
Operations & Services,No,No,No,No,No,No,Yes,No,Yes,Yes,No,Yes,No,No,No,No,No,No,No,No,No,No,No,No,Yes,No,No,Yes,No,Yes,No,No,1826
Operations & Services,No,No,No,No,No,No,Yes,No,No,Yes,Yes,No,No,No,No,No,No,No,No,No,No,Yes,No,No,Yes,No,Yes,Yes,Yes,Yes,No,No,1096
Operations & Services,No,No,Yes,No,No,No,No,No,No,Yes,Yes,No,No,No,No,No,No,No,No,No,No,No,No,No,Yes,No,No,No,No,No,No,No,364
Operations & Services,No,No,No,No,No,No,Yes,No,Yes,Yes,No,No,Yes,No,No,No,Yes,Yes,No,No,No,No,Yes,Yes,Yes,No,Yes,Yes,No,Yes,No,No,3195
Operations & Services,No,No,Yes,No,Yes,No,Yes,No,Yes,Yes,No,No,Yes,No,No,No,Yes,Yes,No,No,No,No,No,Yes,Yes,No,Yes,Yes,No,Yes,No,No,2865
Operations & Services,No,No,No,No,No,No,Yes,No,No,No,No,No,No,No,No,No,No,No,No,No,No,No,No,No,No,No,Yes,No,Yes,Yes,No,No,perpetual
Operations & Services,No,No,Yes,No,No,No,No,No,No,No,No,No,No,No,No,No,No,No,No,No,No,No,No,No,Yes,No,Yes,No,No,No,No,No,perpetual
Operations & Services,No,No,No,No,Yes,No,Yes,Yes,Yes,Yes,No,No,Yes,No,Yes,No,No,No,No,No,No,No,No,Yes,Yes,No,Yes,Yes,Yes,Yes,No,Yes,1123
Operations & Services,No,No,No,No,No,No,Yes,No,No,Yes,Yes,No,Yes,No,No,No,No,No,No,No,No,No,No,Yes,Yes,No,Yes,No,No,Yes,No,No,2557
Operations & Services,No,No,No,No,No,No,No,No,No,Yes,Yes,No,Yes,No,No,No,Yes,Yes,No,No,Yes,No,No,Yes,Yes,No,Yes,No,Yes,No,Yes,No,perpetual
Operations & Services,No,No,No,No,No,No,No,No,No,No,No,No,No,No,No,No,No,No,No,No,No,No,No,No,No,No,No,No,No,No,No,No,perpetual
Operations & Services,No,No,No,No,No,No,No,No,No,Yes,No,No,No,No,No,No,No,No,No,No,Yes,No,No,Yes,No,No,Yes,No,No,No,Yes,No,730
Sales & Distribution,Yes,No,Yes,No,No,No,No,No,No,Yes,No,No,Yes,Yes,No,No,No,No,No,No,No,No,No,Yes,Yes,No,Yes,No,No,Yes,No,No,
Operations & Services,No,No,No,No,No,No,Yes,No,No,Yes,No,No,No,No,No,No,Yes,Yes,No,No,No,No,No,No,No,Yes,Yes,No,No,No,No,No,365
Operations & Services,No,No,No,No,No,Yes,Yes,No,No,Yes,Yes,No,No,No,No,No,Yes,No,No,No,No,No,No,No,Yes,No,Yes,No,No,No,Yes,No,365
Operations & Services,No,No,No,No,No,No,No,No,No,No,No,No,No,No,No,No,No,No,No,No,No,No,No,No,No,No,No,No,No,No,No,No,perpetual
Operations & Services,No,No,Yes,No,No,No,Yes,No,Yes,Yes,No,No,No,No,No,No,No,No,No,No,No,No,No,No,Yes,No,Yes,No,Yes,Yes,No,No,perpetual
IP & Creative,No,No,No,No,No,No,No,No,No,No,No,No,No,No,No,No,No,No,No,No,No,No,No,No,No,No,No,No,No,No,No,No,perpetual
IP & Creative,No,No,No,No,No,No,No,No,No,No,No,No,No,No,No,No,No,No,No,No,No,No,No,No,No,No,No,No,No,No,No,No,perpetual
IP & Creative,No,No,No,No,No,No,Yes,No,No,No,No,No,No,No,No,No,No,No,No,No,No,No,No,No,No,No,No,No,Yes,No,No,No,perpetual
IP & Creative,No,No,No,No,No,No,Yes,No,Yes,Yes,No,No,No,Yes,Yes,No,Yes,Yes,No,Yes,No,Yes,Yes,Yes,Yes,Yes,Yes,No,Yes,Yes,No,Yes,perpetual
Sales & Distribution,No,No,Yes,No,No,No,No,No,No,Yes,Yes,No,No,No,No,No,No,No,No,No,No,No,No,No,No,No,No,No,No,No,No,Yes,perpetual
Sales & Distribution,No,No,No,No,No,No,No,No,No,No,No,No,No,No,No,No,No,No,No,No,No,No,No,No,No,No,No,No,No,No,No,No,perpetual
Operations & Services,No,No,Yes,No,No,No,Yes,No,No,Yes,No,No,Yes,Yes,No,No,No,No,No,No,No,No,No,No,Yes,Yes,Yes,No,Yes,Yes,No,No,perpetual
Operations & Services,No,No,Yes,No,No,No,No,No,No,Yes,Yes,No,Yes,Yes,Yes,Yes,Yes,No,No,Yes,No,No,No,Yes,Yes,Yes,Yes,No,No,No,No,No,perpetual
Operations & Services,No,No,No,No,No,No,Yes,No,No,Yes,No,No,Yes,No,Yes,No,Yes,Yes,No,No,No,Yes,No,Yes,No,No,No,No,Yes,Yes,No,No,perpetual
Operations & Services,No,No,No,No,No,No,Yes,No,No,Yes,No,No,No,No,No,No,No,No,No,No,No,No,No,No,No,No,No,No,No,No,No,No,perpetual
Operations & Services,No,No,No,No,No,No,Yes,No,No,Yes,No,No,Yes,No,No,No,Yes,Yes,No,Yes,No,No,No,No,Yes,Yes,Yes,No,Yes,Yes,No,No,3653
Operations & Services,No,No,No,No,No,No,No,No,No,Yes,No,No,Yes,Yes,No,No,No,No,No,No,No,No,No,No,Yes,No,No,No,Yes,Yes,No,No,1767
Operations & Services,No,No,No,No,No,No,No,No,No,Yes,No,No,Yes,Yes,No,No,No,No,No,No,No,No,No,No,No,No,Yes,Yes,Yes,Yes,No,No,181
Operations & Services,No,No,No,No,No,No,No,No,No,No,No,No,Yes,Yes,No,No,No,No,No,No,No,No,No,Yes,No,No,No,No,No,No,No,No,perpetual
Sales & Distribution,Yes,Yes,Yes,Yes,No,No,Yes,No,Yes,Yes,No,No,No,No,No,No,No,No,No,No,No,No,No,Yes,Yes,No,Yes,Yes,No,Yes,No,No,perpetual
Operations & Services,No,No,No,No,No,No,Yes,Yes,No,Yes,No,No,Yes,Yes,No,No,No,No,No,No,No,No,No,No,No,Yes,Yes,Yes,No,No,No,No,5479
Operations & Services,No,No,No,No,No,No,No,No,No,Yes,Yes,No,No,Yes,No,No,No,No,No,No,No,No,No,No,No,No,No,No,No,No,No,No,1793
Operations & Services,No,No,No,No,No,No,No,No,No,Yes,No,No,Yes,Yes,No,No,No,No,No,No,No,No,No,No,No,No,No,No,No,No,No,No,3652
Strategic & Development,No,Yes,Yes,No,No,No,No,No,Yes,Yes,Yes,No,No,No,Yes,Yes,Yes,No,No,No,No,Yes,No,Yes,Yes,Yes,Yes,No,No,No,Yes,No,perpetual
Strategic & Development,No,No,No,No,No,No,No,No,No,No,Yes,No,Yes,Yes,No,No,No,No,No,No,No,No,No,No,No,No,No,No,No,No,No,No,perpetual
Strategic & Development,No,Yes,No,No,No,No,No,No,Yes,Yes,Yes,No,No,No,No,No,No,No,No,No,No,No,No,No,No,No,No,Yes,No,No,No,No,365
Strategic & Development,No,Yes,Yes,No,No,No,Yes,No,No,Yes,No,No,No,No,Yes,No,No,No,No,No,No,No,No,No,No,No,Yes,Yes,No,No,No,No,perpetual
Strategic & Development,No,Yes,No,No,No,No,Yes,No,No,Yes,No,No,No,No,No,No,No,No,No,No,No,No,No,Yes,No,No,Yes,Yes,No,No,No,No,365
Strategic & Development,Yes,Yes,No,No,Yes,No,Yes,No,No,Yes,Yes,No,Yes,Yes,Yes,No,Yes,Yes,Yes,Yes,No,Yes,No,Yes,Yes,Yes,Yes,Yes,No,Yes,No,Yes,2557
IP & Creative,No,No,Yes,No,No,No,No,No,No,No,Yes,No,No,No,No,No,Yes,No,No,Yes,No,No,No,No,No,No,No,No,No,No,No,No,perpetual
Sales & Distribution,No,No,No,No,No,No,No,No,Yes,Yes,Yes,No,No,No,Yes,No,No,No,No,No,No,No,No,Yes,Yes,No,Yes,Yes,No,No,No,No,1096
Sales & Distribution,Yes,No,Yes,No,No,No,No,No,Yes,Yes,Yes,No,No,Yes,No,No,Yes,No,No,No,No,No,No,No,No,No,No,No,No,Yes,No,No,1095
Sales & Distribution,No,No,Yes,No,No,No,No,No,No,Yes,No,No,No,Yes,No,No,No,No,No,No,No,No,No,No,No,No,No,No,No,No,No,No,perpetual
Sales & Distribution,No,No,No,No,No,No,No,No,Yes,Yes,No,No,No,No,No,No,Yes,No,No,No,No,No,No,No,Yes,Yes,Yes,No,Yes,No,No,No,
Sales & Distribution,No,No,Yes,No,No,No,No,No,No,No,Yes,No,Yes,Yes,No,No,No,No,No,No,No,No,No,No,Yes,No,Yes,No,No,No,Yes,No,447
Strategic & Development,No,No,No,No,No,No,No,No,No,No,No,No,No,No,No,No,No,No,No,No,No,No,No,No,No,No,No,No,No,No,No,No,perpetual
Strategic & Development,No,No,No,No,No,No,No,No,No,Yes,Yes,No,No,No,No,No,No,No,No,No,No,No,No,No,Yes,No,No,No,No,No,No,No,
Strategic & Development,No,No,No,No,No,No,No,No,No,No,No,No,No,No,No,No,No,No,No,No,No,No,No,No,No,No,No,No,No,No,No,No,perpetual
Strategic & Development,No,No,No,No,No,No,No,No,No,No,No,No,No,No,No,No,No,No,No,No,No,No,No,No,No,No,No,No,No,No,No,No,perpetual
Strategic & Development,No,No,No,No,No,No,No,No,No,No,No,No,No,No,No,No,No,No,No,No,No,No,No,No,No,No,No,No,No,No,No,No,perpetual
Strategic & Development,No,No,No,No,No,No,No,No,No,Yes,No,No,No,No,No,No,No,No,No,No,No,No,No,No,No,No,No,No,No,No,No,No,1096
Strategic & Development,No,No,No,No,No,No,Yes,No,No,Yes,Yes,No,Yes,No,No,No,No,No,No,No,No,No,No,No,No,No,No,No,No,No,No,No,365
Strategic & Development,No,No,No,No,No,No,No,Yes,No,No,No,No,No,No,No,No,No,No,No,No,No,No,No,No,No,No,Yes,No,No,No,No,No,perpetual
Strategic & Development,No,No,No,No,No,Yes,No,No,No,Yes,No,No,No,No,No,No,No,No,No,No,No,No,No,No,No,No,No,No,No,No,No,No,perpetual
Strategic & Development,Yes,No,Yes,No,No,No,No,Yes,No,Yes,No,No,No,No,Yes,Yes,Yes,Yes,No,Yes,No,Yes,No,No,No,Yes,Yes,No,Yes,Yes,No,No,perpetual
Sales & Distribution,No,Yes,No,No,Yes,No,No,Yes,Yes,Yes,Yes,No,Yes,No,Yes,No,Yes,No,No,No,No,No,No,Yes,Yes,Yes,Yes,No,No,Yes,Yes,No,361
Strategic & Development,Yes,Yes,Yes,No,No,No,No,Yes,No,Yes,No,No,Yes,No,Yes,No,No,No,No,No,No,No,No,No,Yes,No,No,No,No,No,No,Yes,perpetual
Strategic & Development,No,No,No,No,No,No,No,No,No,No,No,No,No,No,No,No,No,No,No,No,No,No,No,No,No,No,No,No,No,No,No,No,perpetual
Strategic & Development,No,Yes,No,No,No,No,Yes,No,No,Yes,No,No,No,No,No,No,No,No,No,No,No,No,No,Yes,Yes,No,Yes,No,No,Yes,No,No,368
Strategic & Development,No,No,No,No,No,No,No,No,No,No,No,No,No,No,No,No,No,No,No,No,No,No,No,No,No,No,No,No,No,No,No,No,perpetual
Strategic & Development,No,No,No,No,No,No,No,No,No,No,No,No,No,No,No,No,No,No,No,No,No,No,No,No,No,No,No,No,No,No,No,No,perpetual
Strategic & Development,No,No,No,No,No,No,No,No,No,No,No,No,No,No,No,No,No,No,No,No,No,No,No,No,No,No,No,No,No,No,No,No,perpetual
Strategic & Development,No,No,No,No,No,No,No,No,No,No,No,No,No,No,No,No,No,No,No,No,No,No,No,No,No,No,No,No,No,No,No,No,perpetual
Strategic & Development,No,No,No,No,No,No,No,No,No,No,No,No,No,No,No,No,No,No,No,No,No,No,No,No,No,No,No,No,No,No,No,No,perpetual
Strategic & Development,No,No,No,No,No,No,No,No,No,No,No,No,No,No,No,No,No,No,No,No,No,No,No,No,No,No,No,No,No,No,No,No,perpetual
Strategic & Development,No,No,No,No,No,No,No,No,No,No,No,No,No,No,No,No,No,No,No,No,No,No,No,No,No,No,No,No,No,No,No,No,perpetual
Strategic & Development,No,No,No,No,No,No,No,No,No,No,No,No,No,No,No,No,No,No,No,No,No,No,No,No,No,No,No,No,No,No,No,No,perpetual
Sales & Distribution,Yes,Yes,No,No,No,No,Yes,No,No,Yes,Yes,No,Yes,No,No,No,Yes,No,No,No,No,No,No,No,Yes,No,Yes,No,No,No,No,No,365
Sales & Distribution,No,Yes,Yes,No,No,No,No,Yes,No,Yes,Yes,No,Yes,No,No,No,Yes,Yes,No,Yes,No,No,No,Yes,Yes,No,Yes,No,No,Yes,Yes,No,1826
IP & Creative,No,No,No,No,No,No,No,No,No,No,No,No,No,No,Yes,No,No,No,No,Yes,No,No,No,Yes,No,No,No,No,No,No,Yes,No,perpetual
IP & Creative,No,No,No,No,No,No,Yes,No,Yes,No,No,No,No,No,Yes,No,Yes,Yes,Yes,Yes,No,Yes,No,Yes,No,No,No,No,No,No,Yes,No,perpetual
IP & Creative,No,No,Yes,No,No,No,No,Yes,Yes,Yes,No,No,No,No,Yes,No,Yes,No,Yes,Yes,Yes,Yes,No,Yes,No,No,No,No,No,No,Yes,No,perpetual
Sales & Distribution,No,No,No,No,No,No,No,No,No,No,No,No,No,No,No,No,No,No,No,No,No,No,No,No,No,No,No,No,No,No,No,No,perpetual
Sales & Distribution,No,No,No,No,No,No,No,No,No,No,No,No,No,No,No,No,No,No,No,No,No,No,No,No,No,No,No,No,No,No,No,No,perpetual
Sales & Distribution,No,No,No,No,No,No,No,No,No,Yes,No,No,No,No,No,No,Yes,No,No,No,No,No,No,No,No,No,Yes,No,No,No,No,No,perpetual
Sales & Distribution,No,No,No,No,No,No,No,No,No,No,No,No,No,No,No,No,No,No,No,No,No,No,No,No,No,No,No,No,No,No,No,No,perpetual
Sales & Distribution,No,No,No,No,No,No,No,No,No,No,No,No,No,No,No,No,No,No,No,No,No,No,No,No,No,No,No,No,No,No,No,No,perpetual
Sales & Distribution,Yes,Yes,Yes,Yes,Yes,Yes,No,Yes,Yes,Yes,Yes,No,Yes,Yes,Yes,No,Yes,No,No,No,No,No,No,Yes,Yes,No,Yes,Yes,No,Yes,Yes,Yes,perpetual
Sales & Distribution,No,No,No,No,No,No,No,No,No,No,No,No,No,No,No,No,No,No,No,No,No,No,No,No,No,No,No,No,No,No,No,No,perpetual
Operations & Services,No,No,No,No,No,No,No,No,No,Yes,No,No,No,No,No,No,No,No,No,No,No,No,No,No,Yes,No,Yes,No,No,No,No,No,perpetual
Operations & Services,No,No,No,No,No,No,No,No,No,No,No,No,No,No,No,No,No,No,No,No,No,No,No,No,No,No,No,No,No,No,No,No,perpetual
Operations & Services,No,No,No,No,No,No,No,No,No,Yes,No,No,No,No,No,No,No,No,No,No,No,No,No,No,No,No,No,No,No,No,No,No,perpetual
Operations & Services,No,No,No,No,No,No,No,No,No,No,No,No,No,No,No,No,No,No,No,No,No,No,No,No,No,No,No,No,No,No,No,No,perpetual
,No,Yes,No,No,No,No,No,Yes,No,No,No,No,No,No,No,No,No,No,No,No,No,No,No,No,No,No,No,No,No,No,No,No,perpetual
Strategic & Development,No,No,Yes,No,No,No,No,No,Yes,Yes,Yes,No,Yes,No,Yes,Yes,Yes,No,No,No,No,No,No,Yes,Yes,No,Yes,No,No,Yes,No,No,perpetual
Strategic & Development,No,No,Yes,No,No,No,Yes,No,No,Yes,No,No,Yes,No,Yes,Yes,Yes,No,No,Yes,No,Yes,No,Yes,Yes,No,Yes,No,No,No,No,No,perpetual
Strategic & Development,No,No,No,No,No,No,No,No,No,Yes,Yes,No,Yes,No,No,No,No,No,No,No,No,No,No,No,No,No,No,No,No,No,No,No,1827
Strategic & Development,No,No,No,No,No,No,No,Yes,Yes,Yes,No,No,No,No,Yes,No,No,No,No,No,No,No,No,No,Yes,No,No,No,No,No,No,No,perpetual
Strategic & Development,No,Yes,No,No,No,No,No,No,No,Yes,Yes,No,Yes,No,No,No,Yes,No,No,No,No,No,No,No,Yes,No,No,No,No,Yes,No,No,perpetual
,No,No,No,No,No,No,No,No,No,No,No,No,No,No,No,No,No,No,No,No,No,No,No,No,No,No,No,No,No,No,No,No,perpetual
,Yes,Yes,No,No,Yes,No,No,No,No,Yes,Yes,No,No,No,No,No,No,No,No,No,No,No,No,No,No,No,No,No,No,No,No,No,perpetual
Strategic & Development,Yes,Yes,No,Yes,Yes,No,Yes,Yes,Yes,Yes,Yes,No,No,No,No,No,No,Yes,No,No,No,No,No,No,Yes,No,Yes,No,No,No,No,Yes,1101
Strategic & Development,Yes,Yes,Yes,Yes,Yes,No,Yes,Yes,Yes,Yes,Yes,No,Yes,No,Yes,No,Yes,Yes,Yes,Yes,No,Yes,Yes,Yes,Yes,Yes,Yes,No,Yes,Yes,No,No,2556
Strategic & Development,No,No,No,No,No,No,No,No,No,Yes,No,No,No,No,No,No,No,No,No,No,No,No,No,No,Yes,No,No,No,No,Yes,No,No,1806
Strategic & Development,No,No,No,No,No,No,No,No,No,No,No,No,No,No,No,No,No,No,No,No,No,No,No,No,No,No,No,No,No,No,No,No,perpetual
Strategic & Development,No,No,Yes,No,No,No,No,No,Yes,Yes,Yes,No,No,No,Yes,Yes,Yes,No,No,No,No,No,No,Yes,No,No,No,No,No,Yes,No,No,perpetual
Strategic & Development,No,Yes,Yes,No,No,No,No,Yes,No,No,No,No,Yes,No,No,No,No,No,No,No,No,No,No,Yes,Yes,No,No,No,No,No,No,No,perpetual
Sales & Distribution,No,No,No,No,No,No,No,No,No,No,No,No,No,No,No,No,No,No,No,No,No,No,No,No,No,No,No,No,No,No,No,No,perpetual
Sales & Distribution,No,No,No,No,No,No,Yes,No,No,No,Yes,No,Yes,No,No,No,No,No,No,No,No,No,No,No,No,No,Yes,Yes,No,Yes,No,No,perpetual
Sales & Distribution,No,No,No,No,No,No,No,No,No,No,Yes,No,Yes,No,No,No,No,No,No,No,No,No,No,Yes,No,No,Yes,No,No,Yes,No,No,perpetual
Sales & Distribution,No,No,No,No,No,No,Yes,No,No,No,No,No,No,No,No,No,Yes,No,No,Yes,No,No,No,No,Yes,No,No,No,No,No,No,No,perpetual
Sales & Distribution,No,No,No,No,No,No,No,Yes,No,No,Yes,No,Yes,No,No,No,No,No,No,No,No,No,No,Yes,No,No,No,No,No,Yes,No,No,perpetual
Sales & Distribution,No,Yes,Yes,Yes,No,No,No,No,No,Yes,Yes,No,No,No,No,No,No,No,No,No,No,No,No,Yes,No,No,No,No,No,Yes,No,No,perpetual
Sales & Distribution,No,No,No,No,No,No,No,No,No,No,Yes,No,Yes,No,No,No,No,No,No,No,No,No,No,No,No,No,No,No,No,No,No,No,perpetual
Sales & Distribution,No,No,No,Yes,No,No,Yes,No,Yes,Yes,Yes,No,Yes,No,No,No,No,No,No,No,No,No,No,No,Yes,No,Yes,No,Yes,Yes,No,No,perpetual
Sales & Distribution,No,No,Yes,No,No,No,No,No,No,No,Yes,No,Yes,No,No,No,No,No,No,No,No,No,No,No,No,No,Yes,No,No,Yes,No,No,perpetual
Sales & Distribution,No,No,No,No,No,No,Yes,No,No,No,Yes,No,No,No,No,No,No,No,No,No,No,No,No,No,No,No,Yes,No,No,Yes,No,No,perpetual
Strategic & Development,Yes,Yes,Yes,No,No,No,Yes,No,Yes,Yes,No,No,Yes,Yes,No,No,Yes,No,No,No,No,No,No,Yes,Yes,No,Yes,No,Yes,Yes,Yes,No,1826
Strategic & Development,No,No,No,No,No,No,No,No,No,Yes,No,No,No,No,No,No,No,No,No,No,No,No,No,No,No,No,No,No,No,No,No,No,perpetual
Strategic & Development,No,No,Yes,No,No,No,Yes,Yes,No,Yes,No,No,Yes,No,No,Yes,Yes,No,No,No,No,Yes,No,Yes,Yes,No,Yes,No,No,Yes,No,No,1826
Strategic & Development,No,No,No,No,Yes,No,Yes,No,No,Yes,No,No,No,No,No,No,No,No,No,No,No,No,No,No,No,No,No,No,No,No,No,No,1826
Strategic & Development,Yes,Yes,Yes,No,Yes,No,No,No,No,Yes,Yes,No,No,No,Yes,No,Yes,Yes,No,No,No,No,No,Yes,No,Yes,Yes,No,No,No,Yes,Yes,1096
Strategic & Development,No,No,No,No,No,No,No,No,No,Yes,No,No,No,No,No,No,Yes,Yes,Yes,Yes,Yes,Yes,No,No,No,Yes,Yes,No,No,No,Yes,No,perpetual
Strategic & Development,No,No,No,No,Yes,No,Yes,No,No,Yes,No,No,No,No,No,No,No,No,No,No,No,No,No,Yes,Yes,No,No,Yes,Yes,Yes,No,No,1095
Strategic & Development,No,No,No,Yes,Yes,No,No,No,No,Yes,No,No,No,No,Yes,No,No,No,No,No,No,No,No,No,No,No,No,No,No,No,No,No,1095
Strategic & Development,No,No,Yes,No,No,No,No,Yes,No,Yes,No,No,Yes,No,No,No,No,No,No,No,No,No,No,No,Yes,No,No,No,No,Yes,No,No,perpetual
Strategic & Development,No,No,No,No,No,No,Yes,No,No,Yes,Yes,No,No,No,No,No,No,No,No,No,No,No,No,Yes,Yes,No,Yes,No,No,No,No,No,1826
Strategic & Development,No,No,No,No,No,No,Yes,No,No,Yes,Yes,No,Yes,No,No,No,No,No,No,No,No,No,No,No,No,No,No,No,No,No,No,No,perpetual
Strategic & Development,Yes,No,Yes,No,No,No,Yes,No,No,Yes,Yes,No,Yes,No,No,No,Yes,No,No,No,No,No,No,Yes,Yes,No,Yes,No,No,No,No,No,1826
Strategic & Development,No,No,Yes,No,No,No,No,No,No,Yes,No,No,Yes,No,Yes,No,Yes,No,No,No,No,Yes,No,No,Yes,Yes,Yes,No,No,No,No,No,
Strategic & Development,No,No,No,No,No,No,Yes,No,No,Yes,No,No,No,No,No,No,No,No,No,No,No,No,No,No,No,No,No,No,No,No,No,No,1826
Strategic & Development,No,Yes,No,No,Yes,No,Yes,Yes,No,Yes,Yes,No,No,No,No,No,No,No,No,No,No,No,No,No,No,No,No,No,No,No,No,No,365
Strategic & Development,No,Yes,No,No,Yes,No,Yes,Yes,No,Yes,Yes,No,No,No,No,No,No,No,No,No,No,No,No,No,No,No,No,No,No,No,No,Yes,365
Strategic & Development,No,No,No,Yes,Yes,No,Yes,No,Yes,Yes,No,No,No,No,No,No,Yes,No,No,No,No,No,No,No,Yes,No,Yes,No,No,No,Yes,No,perpetual
Strategic & Development,No,No,No,No,Yes,No,Yes,No,No,Yes,No,No,No,No,No,No,Yes,Yes,No,Yes,No,Yes,No,Yes,Yes,Yes,Yes,No,No,Yes,No,No,1827
Strategic & Development,No,No,Yes,No,Yes,No,Yes,No,No,Yes,No,No,No,No,No,No,No,No,No,No,No,No,No,No,No,No,No,No,No,No,No,No,3652
Strategic & Development,No,Yes,Yes,Yes,No,Yes,No,No,Yes,Yes,No,No,No,No,Yes,No,Yes,Yes,No,No,No,No,No,Yes,Yes,No,Yes,No,Yes,Yes,Yes,No,perpetual
Strategic & Development,No,No,No,No,Yes,Yes,Yes,Yes,No,Yes,No,No,No,No,No,No,No,No,No,No,No,No,No,Yes,No,No,No,No,No,Yes,No,No,perpetual
Strategic & Development,No,No,No,No,No,No,No,No,No,Yes,No,No,No,No,No,No,No,No,No,No,No,No,No,No,Yes,No,Yes,No,No,No,No,Yes,perpetual
Strategic & Development,No,No,No,No,No,No,No,Yes,No,No,Yes,No,No,No,No,No,No,No,No,No,No,No,No,No,No,No,No,No,No,No,Yes,No,730
Strategic & Development,No,No,Yes,No,No,No,No,No,No,No,Yes,No,Yes,No,No,No,No,No,No,No,No,No,No,No,No,No,Yes,No,No,No,No,No,1826
Strategic & Development,No,Yes,No,No,Yes,No,No,No,No,No,No,No,No,No,No,No,Yes,Yes,No,No,No,No,No,No,No,No,No,No,No,No,No,No,3653
Strategic & Development,No,No,Yes,No,Yes,No,Yes,Yes,Yes,Yes,No,No,No,No,Yes,No,No,No,No,No,No,No,No,No,Yes,Yes,Yes,No,No,Yes,No,No,731
Strategic & Development,No,No,Yes,No,No,No,No,No,No,No,No,No,No,No,No,No,Yes,No,No,No,No,No,No,No,No,No,No,No,No,No,No,No,perpetual
Strategic & Development,No,Yes,No,No,No,No,Yes,Yes,No,Yes,No,No,No,Yes,Yes,No,Yes,No,Yes,No,No,Yes,No,Yes,Yes,No,Yes,No,No,Yes,No,No,perpetual
Strategic & Development,Yes,No,Yes,No,No,No,Yes,Yes,Yes,Yes,No,No,No,No,No,No,Yes,Yes,No,No,No,Yes,No,Yes,No,Yes,Yes,No,No,Yes,Yes,No,1095
Strategic & Development,No,No,Yes,No,No,No,No,No,No,Yes,Yes,No,No,No,No,Yes,Yes,No,No,No,No,No,No,Yes,Yes,Yes,Yes,No,No,Yes,No,No,perpetual
Strategic & Development,Yes,Yes,Yes,No,No,No,No,No,No,No,Yes,No,No,No,No,No,Yes,Yes,No,No,No,No,No,No,No,No,No,Yes,No,No,No,No,
Strategic & Development,No,No,No,No,No,Yes,No,No,No,Yes,No,No,No,No,No,No,No,No,No,No,No,No,No,No,No,No,No,No,No,No,No,No,perpetual
Strategic & Development,Yes,No,Yes,No,No,No,Yes,No,No,Yes,Yes,No,Yes,No,Yes,No,Yes,No,Yes,No,No,Yes,No,Yes,Yes,No,Yes,Yes,Yes,Yes,No,No,perpetual
Strategic & Development,No,No,No,No,No,Yes,No,No,No,Yes,No,No,No,No,No,No,No,No,No,No,No,No,No,No,No,No,No,No,No,No,No,No,perpetual
Strategic & Development,No,No,No,No,No,No,Yes,No,No,Yes,No,No,No,No,No,No,No,No,No,No,No,No,No,No,No,No,Yes,No,No,No,No,No,365
Strategic & Development,No,Yes,Yes,No,No,No,No,Yes,No,Yes,No,No,No,No,No,No,No,No,No,No,No,No,No,No,No,No,No,No,No,No,No,No,1555
Strategic & Development,No,No,No,No,No,Yes,No,No,Yes,Yes,No,No,No,No,No,No,No,No,No,No,No,No,No,No,No,No,No,No,No,No,No,No,perpetual
Strategic & Development,No,No,No,No,No,No,No,No,No,Yes,No,No,Yes,No,No,No,No,No,No,No,No,No,No,Yes,No,No,Yes,No,No,No,No,No,1827
Strategic & Development,No,No,No,No,No,No,No,No,No,No,No,No,No,No,No,No,No,No,No,No,No,No,No,No,No,No,No,No,No,No,No,No,perpetual
Strategic & Development,No,No,No,No,No,No,No,No,No,Yes,No,No,No,No,No,No,No,No,No,No,No,No,No,No,No,No,No,No,No,No,No,No,perpetual
Strategic & Development,No,No,No,No,No,No,No,Yes,No,No,Yes,No,Yes,No,No,No,No,No,No,No,No,No,No,Yes,Yes,No,No,No,No,Yes,No,Yes,perpetual
Strategic & Development,No,No,No,No,No,Yes,No,No,No,No,No,No,No,No,No,No,No,No,No,No,No,No,No,No,No,No,No,No,No,No,No,No,perpetual
Strategic & Development,Yes,No,Yes,No,No,No,Yes,Yes,No,Yes,Yes,No,No,No,Yes,Yes,Yes,No,No,No,No,No,No,Yes,Yes,No,Yes,No,No,No,No,No,5479
IP & Creative,No,No,No,No,No,No,No,No,Yes,Yes,No,No,No,No,Yes,Yes,Yes,Yes,Yes,Yes,No,Yes,No,No,Yes,No,Yes,No,No,No,No,No,perpetual
IP & Creative,No,No,No,No,No,Yes,No,No,No,Yes,No,No,Yes,No,Yes,No,Yes,Yes,No,Yes,No,Yes,No,No,No,No,No,No,No,No,Yes,No,perpetual
IP & Creative,No,No,No,No,No,No,No,No,Yes,Yes,No,No,No,No,Yes,No,Yes,Yes,Yes,No,No,No,No,No,Yes,No,No,No,No,No,No,Yes,perpetual
IP & Creative,No,Yes,No,No,No,No,No,No,No,Yes,No,No,No,No,Yes,No,Yes,No,No,No,No,No,No,No,No,No,No,No,No,Yes,Yes,No,perpetual
IP & Creative,No,No,No,No,No,No,Yes,No,No,Yes,No,No,No,No,Yes,No,Yes,Yes,No,No,No,No,No,No,No,No,No,No,No,No,No,No,1826
IP & Creative,No,No,No,No,No,No,No,No,No,No,No,No,No,No,No,No,Yes,No,No,No,No,Yes,No,No,No,No,Yes,No,No,No,No,No,perpetual
IP & Creative,No,No,No,No,No,No,No,No,No,Yes,No,No,No,No,Yes,No,Yes,Yes,Yes,Yes,No,Yes,No,No,No,No,Yes,No,No,No,Yes,No,perpetual
IP & Creative,No,No,No,No,No,No,No,No,No,No,No,No,No,No,Yes,No,No,No,No,No,No,No,No,No,No,No,No,No,No,No,No,No,perpetual
IP & Creative,No,No,Yes,No,No,No,No,No,Yes,Yes,No,No,No,No,Yes,No,Yes,Yes,No,Yes,No,Yes,No,No,No,No,Yes,No,No,No,No,No,perpetual
Sales & Distribution,No,Yes,Yes,No,No,No,No,No,No,Yes,No,No,No,Yes,No,No,Yes,Yes,No,No,No,No,No,Yes,Yes,No,Yes,No,Yes,No,Yes,No,1826
Sales & Distribution,No,No,No,No,No,No,No,No,No,Yes,No,No,No,No,No,No,Yes,Yes,No,No,No,No,No,Yes,No,Yes,Yes,No,Yes,No,No,No,perpetual
Sales & Distribution,No,Yes,Yes,No,No,No,No,No,Yes,Yes,No,No,Yes,No,No,No,No,No,No,No,No,No,No,No,No,No,Yes,No,Yes,No,Yes,No,668
Sales & Distribution,No,Yes,Yes,No,Yes,No,Yes,No,Yes,Yes,Yes,No,No,No,No,No,Yes,Yes,No,No,No,No,No,Yes,No,No,Yes,No,Yes,No,No,No,1826
Sales & Distribution,No,Yes,No,No,No,No,Yes,No,No,Yes,No,No,No,No,No,No,Yes,No,No,No,No,No,No,Yes,Yes,No,Yes,No,Yes,No,No,No,perpetual
Sales & Distribution,No,No,No,No,No,No,Yes,No,Yes,Yes,No,No,Yes,No,No,No,Yes,Yes,No,No,No,No,No,Yes,Yes,Yes,Yes,Yes,Yes,No,Yes,No,-36
Sales & Distribution,No,Yes,Yes,No,No,No,No,Yes,No,Yes,Yes,No,Yes,No,No,No,Yes,Yes,No,No,No,No,No,Yes,Yes,No,Yes,No,Yes,No,No,No,365
Sales & Distribution,No,No,Yes,No,No,No,No,Yes,No,Yes,No,No,Yes,No,No,No,Yes,No,No,No,No,No,No,Yes,No,No,No,No,No,Yes,No,No,730
Sales & Distribution,No,Yes,Yes,No,No,No,Yes,No,Yes,No,No,No,Yes,No,No,No,Yes,No,No,No,No,No,No,No,No,No,Yes,No,No,No,No,No,perpetual
Sales & Distribution,No,No,Yes,Yes,Yes,No,No,Yes,No,Yes,No,Yes,Yes,No,No,No,Yes,No,No,No,No,No,No,Yes,No,No,No,No,Yes,Yes,Yes,No,perpetual
Sales & Distribution,No,No,Yes,No,No,Yes,No,No,No,Yes,No,No,Yes,No,No,No,Yes,Yes,No,No,No,No,No,No,No,No,Yes,No,Yes,No,Yes,No,
Sales & Distribution,No,No,Yes,No,No,No,Yes,No,No,Yes,Yes,No,Yes,No,No,No,Yes,No,No,No,No,No,No,Yes,Yes,Yes,Yes,No,Yes,Yes,No,No,1826
Sales & Distribution,Yes,No,Yes,No,No,No,Yes,No,No,No,No,No,Yes,No,No,No,No,No,No,No,No,No,No,No,No,No,No,No,Yes,No,No,No,
Sales & Distribution,No,No,No,No,No,No,No,No,No,Yes,Yes,No,Yes,No,No,No,Yes,No,No,No,No,No,No,Yes,Yes,No,Yes,No,Yes,Yes,Yes,No,1096
Operations & Services,No,No,No,No,No,No,Yes,No,No,Yes,No,No,Yes,Yes,No,No,No,No,No,No,No,No,No,No,No,Yes,Yes,No,No,No,No,No,perpetual
Operations & Services,No,No,No,No,No,No,Yes,No,No,Yes,No,Yes,Yes,Yes,No,No,No,No,No,No,No,No,No,No,No,No,Yes,No,No,Yes,No,No,365
Operations & Services,No,No,Yes,No,No,No,No,No,No,Yes,No,No,No,No,No,No,No,No,No,No,No,No,No,No,No,No,Yes,No,Yes,Yes,No,No,1096
IP & Creative,Yes,Yes,Yes,No,No,No,No,No,No,Yes,No,No,Yes,Yes,No,No,Yes,No,No,No,No,No,No,No,No,No,No,No,No,No,No,No,perpetual
IP & Creative,Yes,No,Yes,No,No,No,No,No,No,Yes,Yes,No,Yes,Yes,No,No,Yes,No,No,No,No,No,No,Yes,Yes,No,No,No,No,Yes,Yes,No,1620
IP & Creative,No,No,No,No,No,No,Yes,No,No,Yes,No,No,No,No,No,No,Yes,No,No,Yes,No,No,No,Yes,No,No,No,No,No,No,No,No,1096
IP & Creative,No,No,No,No,No,No,No,No,Yes,Yes,No,No,No,Yes,No,No,No,No,No,No,No,No,No,No,No,No,No,No,No,No,No,No,366
IP & Creative,No,No,No,No,No,No,No,No,No,No,No,No,No,No,No,No,No,No,No,No,No,No,No,Yes,No,No,No,No,No,No,No,No,perpetual
IP & Creative,No,No,Yes,No,No,No,No,No,Yes,Yes,No,No,Yes,No,Yes,No,Yes,No,No,No,No,No,No,No,No,No,Yes,Yes,No,Yes,No,Yes,1460
IP & Creative,No,No,Yes,No,No,No,No,No,No,Yes,No,No,No,Yes,No,No,Yes,No,No,No,Yes,No,No,Yes,No,No,No,No,No,No,No,No,perpetual
IP & Creative,No,No,Yes,No,No,No,No,No,No,Yes,Yes,No,Yes,Yes,No,No,Yes,No,No,No,No,No,No,Yes,Yes,No,No,Yes,No,No,No,No,1095
IP & Creative,No,No,Yes,No,No,No,No,No,Yes,Yes,Yes,No,Yes,Yes,Yes,No,Yes,No,No,No,No,No,No,Yes,Yes,No,Yes,No,No,Yes,No,No,366
Strategic & Development,No,Yes,Yes,No,No,No,Yes,No,No,Yes,Yes,No,Yes,No,Yes,Yes,Yes,No,Yes,Yes,No,Yes,No,Yes,Yes,No,Yes,Yes,Yes,No,No,No,perpetual
Strategic & Development,No,No,Yes,No,No,No,Yes,Yes,No,Yes,Yes,No,Yes,No,Yes,Yes,Yes,Yes,No,No,No,Yes,No,No,Yes,Yes,Yes,No,No,Yes,No,No,perpetual
Strategic & Development,No,No,No,No,No,No,No,No,No,Yes,No,No,No,No,No,No,No,No,No,No,No,No,No,Yes,No,No,Yes,No,No,No,No,No,perpetual
Strategic & Development,No,No,No,No,No,No,No,Yes,No,Yes,No,No,Yes,No,No,No,No,No,No,No,No,No,No,Yes,No,No,Yes,Yes,No,Yes,No,No,perpetual
Sales & Distribution,Yes,Yes,Yes,Yes,Yes,No,No,Yes,No,Yes,No,No,No,No,No,No,Yes,Yes,No,No,No,No,No,Yes,Yes,No,No,No,No,Yes,Yes,No,perpetual
Sales & Distribution,No,Yes,Yes,No,No,No,No,No,Yes,Yes,Yes,No,No,No,Yes,No,Yes,No,No,No,No,No,No,No,Yes,No,Yes,Yes,No,Yes,Yes,No,
Sales & Distribution,Yes,Yes,No,No,Yes,Yes,No,Yes,Yes,Yes,Yes,No,Yes,No,Yes,No,Yes,No,No,No,No,No,No,Yes,Yes,No,No,No,No,Yes,Yes,No,perpetual
Sales & Distribution,Yes,Yes,No,Yes,Yes,No,No,Yes,Yes,Yes,Yes,No,Yes,No,Yes,No,Yes,Yes,Yes,No,No,Yes,No,Yes,Yes,No,Yes,Yes,No,Yes,Yes,Yes,perpetual
Sales & Distribution,Yes,Yes,Yes,No,No,Yes,Yes,Yes,Yes,Yes,Yes,No,Yes,No,No,No,Yes,No,No,No,No,No,No,Yes,Yes,Yes,Yes,Yes,No,Yes,No,Yes,perpetual
Strategic & Development,No,Yes,Yes,No,No,No,No,No,No,No,Yes,No,Yes,No,No,No,Yes,Yes,No,No,No,No,No,No,Yes,No,Yes,Yes,No,No,No,No,perpetual
Operations & Services,No,No,No,No,No,No,Yes,No,No,Yes,No,No,No,No,No,No,Yes,No,No,No,No,Yes,No,No,No,Yes,Yes,Yes,No,No,No,Yes,perpetual
Operations & Services,Yes,Yes,Yes,No,No,No,No,No,No,Yes,No,No,Yes,Yes,No,No,Yes,Yes,No,No,No,No,No,Yes,Yes,Yes,Yes,Yes,No,No,No,No,1096
Operations & Services,No,No,No,No,No,No,No,No,No,Yes,No,No,Yes,No,No,No,Yes,No,No,No,No,No,No,No,No,No,Yes,No,No,No,No,No,365
Operations & Services,No,No,No,Yes,No,No,No,No,No,Yes,Yes,No,No,No,No,No,No,No,No,No,No,No,No,No,No,No,No,Yes,No,No,No,No,1827
Operations & Services,No,No,No,No,No,No,No,No,Yes,Yes,Yes,No,No,No,Yes,Yes,Yes,Yes,No,No,Yes,Yes,Yes,Yes,Yes,Yes,Yes,No,Yes,No,Yes,No,1827
Operations & Services,No,Yes,No,No,No,No,No,No,No,Yes,Yes,No,No,Yes,Yes,Yes,Yes,Yes,No,No,Yes,Yes,Yes,Yes,Yes,Yes,Yes,No,Yes,No,No,Yes,1827
Operations & Services,No,No,No,No,No,No,No,No,No,No,No,No,No,No,No,No,Yes,No,No,No,No,No,No,No,No,No,No,No,No,No,No,No,perpetual
Operations & Services,No,No,No,No,No,No,Yes,No,Yes,Yes,No,No,No,No,Yes,Yes,Yes,Yes,No,No,No,No,Yes,Yes,Yes,Yes,Yes,Yes,No,Yes,No,No,perpetual
Operations & Services,No,No,No,No,No,No,No,No,No,No,No,No,Yes,No,No,No,No,No,No,No,No,No,No,Yes,No,Yes,Yes,Yes,No,No,No,No,perpetual
Operations & Services,Yes,No,Yes,No,No,No,No,No,No,Yes,No,No,Yes,No,No,No,No,No,No,No,No,No,No,No,Yes,No,Yes,No,No,Yes,No,No,perpetual
Operations & Services,No,No,No,No,No,No,No,No,No,Yes,No,No,Yes,No,No,No,No,No,No,No,No,No,No,No,Yes,Yes,Yes,No,Yes,Yes,No,No,1826
Operations & Services,No,No,No,No,No,No,No,No,No,No,No,No,No,No,No,No,No,No,No,No,No,No,No,No,No,No,No,No,No,No,No,No,perpetual
Operations & Services,No,No,No,No,No,No,No,No,Yes,Yes,No,No,Yes,No,No,No,No,No,No,No,No,No,No,Yes,Yes,No,No,No,No,Yes,No,No,
Operations & Services,No,No,Yes,No,No,No,No,No,No,Yes,No,No,Yes,No,No,No,Yes,Yes,No,No,No,Yes,No,Yes,Yes,No,No,No,No,No,No,No,perpetual
Strategic & Development,No,No,No,No,No,No,Yes,No,No,Yes,No,No,No,No,Yes,No,Yes,No,No,No,No,Yes,No,No,Yes,Yes,Yes,No,Yes,Yes,No,No,1826
Operations & Services,No,No,No,Yes,No,No,Yes,No,No,Yes,No,No,No,No,Yes,No,Yes,Yes,No,Yes,No,No,No,Yes,Yes,Yes,Yes,No,Yes,Yes,Yes,No,1096
Operations & Services,No,No,No,No,No,No,No,Yes,Yes,Yes,No,No,Yes,No,No,No,No,No,No,No,No,No,No,No,Yes,Yes,Yes,No,No,Yes,No,No,1095
Operations & Services,No,No,No,No,No,No,No,No,No,Yes,No,No,No,Yes,Yes,No,No,No,No,No,No,No,No,No,No,No,No,No,No,No,No,No,perpetual
Operations & Services,No,No,No,No,No,No,No,No,No,No,No,No,No,No,No,No,No,No,No,No,No,No,No,No,No,No,No,No,No,No,No,No,perpetual
Operations & Services,No,No,No,No,No,No,No,No,No,No,No,No,No,No,No,No,No,No,No,No,No,No,No,No,No,No,No,No,No,No,No,No,365
Operations & Services,No,No,No,No,No,No,Yes,No,Yes,Yes,No,No,No,No,No,No,No,No,No,No,No,No,No,Yes,Yes,No,Yes,No,No,Yes,No,No,7305
Operations & Services,No,No,No,No,No,No,Yes,No,No,No,No,No,No,No,No,No,No,No,No,No,No,No,No,No,No,No,Yes,No,No,No,No,No,perpetual
Operations & Services,No,No,No,No,No,No,No,No,No,Yes,No,No,No,No,No,No,No,No,No,No,No,No,No,No,No,No,Yes,No,No,No,No,No,
IP & Creative,No,No,No,No,Yes,No,No,Yes,Yes,Yes,Yes,No,No,No,No,No,Yes,No,No,No,No,No,No,No,Yes,No,Yes,No,No,No,No,No,perpetual
IP & Creative,No,No,No,No,Yes,No,Yes,No,No,Yes,No,No,No,No,No,No,Yes,Yes,No,No,No,Yes,Yes,Yes,No,No,Yes,No,Yes,No,No,No,perpetual
Operations & Services,No,No,No,No,No,No,Yes,Yes,No,Yes,No,No,Yes,Yes,No,No,No,No,No,No,No,No,No,Yes,No,No,Yes,No,No,Yes,No,No,1829
Operations & Services,No,No,No,No,No,No,No,No,No,Yes,No,No,No,No,No,No,No,No,No,No,No,No,No,No,No,No,No,No,No,Yes,No,No,3652
Operations & Services,No,No,No,No,No,No,Yes,No,Yes,Yes,Yes,No,No,No,No,No,No,No,No,No,No,No,No,No,Yes,No,Yes,No,No,Yes,No,No,9131
Operations & Services,No,No,No,No,No,No,No,No,No,No,No,No,Yes,No,No,No,No,No,No,No,No,No,No,No,No,No,Yes,Yes,No,No,Yes,No,perpetual
IP & Creative,No,No,No,No,No,No,Yes,No,No,Yes,No,No,Yes,Yes,No,No,Yes,Yes,No,No,No,Yes,Yes,No,Yes,No,Yes,Yes,Yes,No,No,No,perpetual
Operations & Services,No,No,No,No,No,No,Yes,No,No,Yes,No,No,No,No,No,No,No,No,No,No,No,No,No,Yes,Yes,No,Yes,No,No,No,No,No,9131
Operations & Services,No,Yes,No,No,No,No,Yes,Yes,No,Yes,Yes,No,No,Yes,No,Yes,Yes,Yes,No,No,No,Yes,Yes,No,No,No,Yes,No,No,Yes,No,No,perpetual
Operations & Services,No,No,No,No,No,No,No,No,No,Yes,No,No,No,Yes,No,No,No,No,No,No,No,No,No,No,No,No,Yes,No,Yes,No,No,No,369
Operations & Services,No,No,No,No,No,No,Yes,No,No,Yes,No,No,No,No,No,No,No,No,No,No,No,No,No,No,No,No,Yes,No,No,Yes,No,No,1827
Operations & Services,No,No,No,No,No,No,No,No,No,No,No,No,Yes,No,No,No,No,No,No,No,No,No,No,No,No,No,No,No,No,No,No,No,perpetual
Operations & Services,No,No,No,No,No,No,Yes,No,No,Yes,No,No,No,No,No,No,No,No,No,No,No,No,No,Yes,Yes,No,Yes,No,No,Yes,No,No,perpetual
Operations & Services,No,No,No,No,Yes,No,No,No,Yes,Yes,No,No,Yes,Yes,No,No,Yes,No,No,No,Yes,Yes,No,No,No,No,Yes,No,Yes,No,No,No,538
Operations & Services,No,No,No,No,No,No,No,No,No,No,No,No,No,No,No,No,No,No,No,No,No,No,No,No,No,No,No,No,No,No,No,No,perpetual
Sales & Distribution,No,No,No,No,No,No,Yes,No,No,No,No,No,No,No,No,No,No,No,No,No,No,No,No,No,No,No,No,No,No,No,No,No,365
Sales & Distribution,No,No,Yes,No,No,No,No,No,No,Yes,No,No,Yes,No,No,No,Yes,No,No,No,No,No,No,Yes,Yes,No,Yes,Yes,Yes,No,Yes,No,1095
Sales & Distribution,Yes,Yes,Yes,No,Yes,Yes,No,Yes,Yes,Yes,Yes,No,No,No,No,No,Yes,Yes,No,No,No,Yes,No,Yes,Yes,No,Yes,Yes,No,Yes,Yes,No,perpetual
Strategic & Development,No,No,Yes,No,Yes,No,No,No,Yes,Yes,No,No,No,No,No,No,Yes,No,No,No,No,No,No,Yes,No,No,No,No,No,Yes,No,No,365
Sales & Distribution,Yes,No,No,Yes,No,No,No,No,No,Yes,No,No,Yes,No,Yes,No,No,No,No,No,No,No,No,No,No,Yes,Yes,No,No,No,No,No,perpetual
Sales & Distribution,No,No,Yes,No,No,No,No,No,No,Yes,No,No,No,No,No,No,No,No,No,No,No,No,No,No,Yes,No,No,No,No,No,Yes,No,perpetual
Sales & Distribution,No,No,No,No,No,No,No,No,No,No,No,No,No,No,No,No,No,No,No,No,No,No,No,No,No,No,Yes,No,No,Yes,No,No,perpetual
Sales & Distribution,No,Yes,Yes,No,No,No,Yes,No,Yes,Yes,Yes,No,No,No,Yes,Yes,Yes,Yes,No,No,No,Yes,No,Yes,Yes,Yes,Yes,No,No,Yes,No,No,perpetual
Sales & Distribution,No,No,No,No,No,No,Yes,No,No,Yes,No,No,No,No,No,No,No,No,No,No,No,No,No,No,No,No,No,No,No,Yes,No,No,perpetual
Sales & Distribution,No,No,Yes,No,No,No,No,No,No,No,Yes,No,Yes,No,No,No,No,No,No,No,No,No,No,No,No,No,Yes,No,No,Yes,No,Yes,perpetual
Sales & Distribution,No,Yes,No,No,No,No,Yes,No,No,Yes,Yes,No,No,No,Yes,No,No,No,No,No,No,No,No,Yes,No,No,No,No,No,Yes,No,No,1096
Operations & Services,Yes,No,No,No,Yes,No,No,No,Yes,Yes,Yes,No,No,No,No,No,No,No,No,No,No,No,No,Yes,Yes,No,Yes,Yes,Yes,No,No,No,3653
IP & Creative,Yes,No,Yes,No,No,No,No,No,No,Yes,No,No,No,No,No,No,Yes,No,No,No,No,No,No,No,No,No,No,No,No,No,No,No,
IP & Creative,No,No,No,No,No,No,No,No,No,Yes,No,No,No,No,No,No,No,No,No,No,No,No,No,No,No,No,No,No,No,No,No,No,perpetual
IP & Creative,No,No,Yes,No,No,No,No,No,No,Yes,No,No,No,No,No,No,No,No,No,No,No,No,No,No,No,No,No,No,No,Yes,No,No,perpetual
IP & Creative,Yes,Yes,No,No,No,No,No,No,No,Yes,No,No,Yes,No,No,No,Yes,No,No,No,No,No,No,No,Yes,Yes,Yes,No,No,No,No,No,730
IP & Creative,No,No,No,No,No,No,No,No,No,Yes,No,No,No,No,No,No,No,No,No,No,No,No,No,No,No,No,No,No,No,No,No,No,perpetual
IP & Creative,Yes,No,Yes,No,No,No,No,No,No,Yes,No,No,No,No,No,No,Yes,Yes,No,No,No,No,No,No,No,No,Yes,No,No,Yes,No,No,224
IP & Creative,No,No,No,No,No,No,Yes,No,No,Yes,No,Yes,Yes,No,No,No,No,No,No,No,No,No,No,No,No,Yes,Yes,No,No,No,No,No,365
IP & Creative,No,No,No,No,No,No,No,Yes,No,Yes,No,No,No,No,No,No,Yes,No,No,No,No,No,No,No,No,Yes,Yes,No,No,Yes,Yes,No,40
Operations & Services,No,No,Yes,No,No,No,Yes,No,No,Yes,No,No,No,No,No,No,Yes,Yes,No,No,No,No,No,No,Yes,Yes,Yes,No,Yes,No,Yes,No,perpetual
Operations & Services,Yes,No,Yes,No,Yes,No,Yes,No,No,Yes,No,No,Yes,Yes,No,No,Yes,Yes,No,No,No,No,Yes,Yes,Yes,Yes,Yes,No,No,No,No,No,1826
Operations & Services,Yes,Yes,Yes,No,Yes,No,Yes,No,No,Yes,No,No,Yes,Yes,Yes,No,Yes,Yes,No,No,No,Yes,No,Yes,No,No,Yes,No,Yes,Yes,Yes,No,perpetual
Operations & Services,No,No,No,No,No,No,No,No,No,Yes,No,No,No,No,No,No,No,No,No,No,No,No,No,No,Yes,Yes,Yes,No,No,Yes,No,No,1827
Operations & Services,No,No,Yes,No,No,No,No,No,No,No,No,No,Yes,No,No,No,No,No,No,No,No,No,No,Yes,Yes,No,Yes,No,No,Yes,No,No,perpetual
Operations & Services,No,No,No,No,Yes,No,Yes,No,No,Yes,No,No,Yes,No,No,No,No,No,No,No,No,No,No,No,Yes,Yes,Yes,No,Yes,Yes,No,No,perpetual
Operations & Services,No,No,No,No,No,No,No,No,Yes,Yes,No,No,No,No,No,No,No,No,No,No,No,No,No,No,Yes,No,Yes,Yes,Yes,Yes,No,No,1827
Operations & Services,No,No,Yes,No,No,No,No,No,No,No,No,Yes,No,No,No,No,No,No,No,No,No,No,No,No,No,No,Yes,No,Yes,No,No,No,1095
Operations & Services,Yes,No,No,No,No,No,Yes,Yes,Yes,Yes,No,No,Yes,No,No,No,No,No,No,No,No,No,No,Yes,Yes,Yes,Yes,No,No,Yes,No,No,1159
Operations & Services,No,No,Yes,No,No,No,Yes,No,No,Yes,No,No,Yes,Yes,No,No,Yes,Yes,No,No,No,Yes,No,Yes,Yes,No,Yes,No,Yes,Yes,No,No,1827
Operations & Services,No,No,No,No,No,No,Yes,No,No,No,No,No,No,No,No,No,No,No,No,No,No,No,Yes,No,No,No,Yes,No,No,No,No,No,perpetual
Strategic & Development,No,No,No,No,No,No,No,No,No,No,No,No,No,No,No,No,No,No,No,No,No,No,No,No,No,No,No,No,No,No,No,No,perpetual
Strategic & Development,Yes,Yes,Yes,No,No,No,No,No,Yes,Yes,Yes,Yes,No,No,Yes,No,Yes,Yes,No,No,No,Yes,Yes,Yes,Yes,No,Yes,Yes,No,No,No,No,710
Strategic & Development,Yes,Yes,Yes,No,No,No,No,Yes,No,Yes,No,No,No,Yes,No,Yes,Yes,Yes,No,No,Yes,No,No,No,Yes,No,Yes,No,No,No,No,No,1461
Sales & Distribution,No,No,Yes,No,No,No,No,No,No,No,No,No,No,No,No,No,No,No,No,No,No,No,No,No,No,No,No,No,No,No,No,No,perpetual
Sales & Distribution,No,No,Yes,Yes,No,No,Yes,No,No,Yes,No,No,Yes,Yes,No,No,Yes,No,No,No,No,No,No,No,Yes,Yes,Yes,No,Yes,Yes,No,No,116
Sales & Distribution,No,No,No,No,No,No,No,No,No,No,No,No,No,No,No,No,No,No,No,No,No,No,No,No,No,No,No,No,No,No,No,No,perpetual
Sales & Distribution,No,No,Yes,No,No,No,No,Yes,Yes,Yes,Yes,No,No,No,No,No,No,No,No,No,No,No,No,No,No,No,No,No,No,No,No,No,1916
Sales & Distribution,No,Yes,Yes,No,No,No,No,No,Yes,Yes,Yes,No,Yes,No,No,No,Yes,No,No,No,No,No,No,Yes,Yes,No,Yes,No,Yes,No,No,No,731
IP & Creative,No,Yes,Yes,No,No,Yes,No,No,No,Yes,Yes,No,Yes,Yes,Yes,No,Yes,No,No,No,No,No,No,Yes,No,No,No,No,No,Yes,No,No,1906
IP & Creative,No,No,No,No,No,No,No,No,No,No,No,No,No,No,Yes,No,No,No,No,No,No,No,No,No,No,No,No,No,No,No,No,No,perpetual
Operations & Services,Yes,No,No,Yes,Yes,No,No,No,No,No,Yes,No,No,No,No,No,No,No,No,No,No,No,No,No,No,No,No,No,No,No,No,No,perpetual
Operations & Services,No,No,No,No,No,No,Yes,No,No,Yes,Yes,No,No,No,No,No,Yes,Yes,No,No,No,No,No,No,No,Yes,Yes,No,No,No,No,No,366
